geo_aggregation_level,industry_code,industry_description,industry_ubiquity,industry_employment_share_nation,industry_complexity,industry_complexity_percentile
1,111000,Crop Production,1640,0.0050759593815863525,-2.311795333349641,0.95
1,112000,Animal Production,1700,0.0026516068735359054,-2.4197384576086947,0.85
1,113110,Timber Tract Operations,668,2.529765124674053e-05,-1.3356051724655078,9.51
1,113210,Forest Nurseries and Gathering of Forest Products,462,1.703719369678444e-05,-1.0707651628182981,16.28
1,113310,Logging,1367,0.0003570009133083107,-1.9599970749597169,2.75
1,114111,Finfish Fishing,506,6.95656727141094e-05,-1.0479731918869666,17.34
1,114112,Shellfish Fishing,421,6.799962763693022e-05,-1.2302694152701723,11.84
1,114119,Other Marine Fishing,186,9.52247189786605e-06,0.09793267240643222,50.63
1,114210,Hunting and Trapping,972,3.84857011823996e-05,-1.7481076787440595,4.65
1,115111,Cotton Ginning,342,3.501516172564721e-05,-2.1476308945756784,1.69
1,115112,"Soil Preparation, Planting, and Cultivating",1443,0.0001982337719123838,-2.4896080656446546,0.63
1,115113,"Crop Harvesting, Primarily by Machine",501,6.93591612753605e-05,-2.5191878559224636,0.42
1,115114,Postharvest Crop Activities (except Cotton Ginning),468,0.0004930575328707125,-2.10268605279371,2.11
1,115115,Farm Labor Contractors and Crew Leaders,1800,0.0019636885889190415,-2.6904394620525425,0.11
1,115116,Farm Management Services,560,0.00013253445224596218,-2.2531597402077144,1.27
1,115210,Support Activities for Animal Production,1607,0.0002514506223922051,-2.138451578096273,1.9
1,115310,Support Activities for Forestry,900,0.00014428265853923307,-1.752596143425436,4.55
1,211120,Crude Petroleum Extraction,377,0.0004853477724907535,-2.4686384122663436,0.74
1,211130,Natural Gas Extraction,326,0.00021898243507779435,-1.9441301075900659,2.96
1,212114,Surface Coal Mining,130,0.00010554455448725149,-1.5993154538246115,5.81
1,212115,Underground Coal Mining,88,0.00013306794012939686,-1.3308155419279046,9.83
1,212210,Iron Ore Mining,18,3.0466173644317227e-05,-0.04967008044862596,46.41
1,212220,Gold Ore and Silver Ore Mining,56,9.451913822960176e-05,-1.4254317478290435,8.67
1,212230,"Copper, Nickel, Lead, and Zinc Mining",40,0.00011549725854917775,-0.7613557592138731,23.68
1,212290,Other Metal Ore Mining,58,2.7529122070999505e-05,-0.9122436784410501,19.56
1,212311,Dimension Stone Mining and Quarrying,283,4.493344721444866e-05,-1.293265605233542,10.78
1,212312,Crushed and Broken Limestone Mining and Quarrying,587,0.0001383110361020773,-1.1998418982870012,12.68
1,212313,Crushed and Broken Granite Mining and Quarrying,182,3.681640038584597e-05,0.19454583187823676,54.44
1,212319,Other Crushed and Broken Stone Mining and Quarrying,298,4.7732824495267114e-05,-0.7399597880360818,24.52
1,212321,Construction Sand and Gravel Mining,863,0.00019314555951876501,-1.3092129250278777,10.47
1,212322,Industrial Sand Mining,136,5.175406112201657e-05,-1.0288740867507924,17.65
1,212323,"Kaolin, Clay, and Ceramic and Refractory Minerals Mining",98,3.634601321980681e-05,-1.1705700817918585,13.64
1,212390,Other Nonmetallic Mineral Mining and Quarrying,212,7.25314064316978e-05,-1.2230957817825756,12.16
1,213111,Drilling Oil and Gas Wells,431,0.0002585121663116467,-2.1939277371121237,1.48
1,213112,Support Activities for Oil and Gas Operations,541,0.0012918437779514667,-2.550638122297188,0.32
1,213113,Support Activities for Coal Mining,150,2.8819818563180146e-05,-1.334693413417328,9.62
1,213114,Support Activities for Metal Mining,109,2.8521524262765064e-05,-0.737796755038633,24.63
1,213115,Support Activities for Nonmetallic Minerals (except Fuels) Mining,185,1.930308309416823e-05,-0.531828405464968,29.81
1,221111,Hydroelectric Power Generation,270,4.766398734901748e-05,-0.8560898982774171,21.35
1,221112,Fossil Fuel Electric Power Generation,463,0.0004273754224908533,-0.785227548784947,22.83
1,221113,Nuclear Electric Power Generation,63,0.00021330337051219954,0.47241473990605704,65.86
1,221114,Solar Electric Power Generation,173,9.617122973959298e-05,0.487934884596089,66.49
1,221115,Wind Electric Power Generation,229,6.69670704431857e-05,-1.742963430253885,4.86
1,221116,Geothermal Electric Power Generation,28,6.2068160201753414e-06,-0.07988492285528609,45.35
1,221117,Biomass Electric Power Generation,100,1.4094405694612582e-05,0.30134978117010613,58.88
1,221118,Other Electric Power Generation,123,2.8424004972244748e-05,0.8839835051003513,80.23
1,221121,Electric Bulk Power Transmission and Control,249,0.00016649411106244835,-0.4993824294919496,31.08
1,221122,Electric Power Distribution,1486,0.0013226426644693237,-1.7287354651211857,4.97
1,221210,Natural Gas Distribution,678,0.000679021083464099,-1.1593408179094384,14.48
1,221310,Water Supply and Irrigation Systems,1057,0.0003202533500687144,-1.488316601158263,7.93
1,221320,Sewage Treatment Facilities,385,4.456057933892981e-05,-0.44745267375482917,32.56
1,221330,Steam and Air-Conditioning Supply,74,8.879991866202799e-06,1.8825891717148102,97.67
1,236115,New Single-Family Housing Construction (except For-Sale Builders),1552,0.003135847515257811,-1.5042367211251648,7.72
1,236116,New Multifamily Housing Construction (except For-Sale Builders),387,0.00031452265764343235,0.1583800080990384,52.85
1,236117,New Housing For-Sale Builders,958,0.0005648833585533516,-1.071874643966237,16.07
1,236118,Residential Remodelers,1406,0.0045392476251356634,-1.3303016008876845,9.94
1,236210,Industrial Building Construction,579,0.0009852144464113258,-1.1140217184801053,15.54
1,236220,Commercial and Institutional Building Construction,925,0.004716107463137536,-1.175405875410238,13.53
1,237110,Water and Sewer Line and Related Structures Construction,1187,0.0012763210014721741,-1.597243849826304,5.92
1,237120,Oil and Gas Pipeline and Related Structures Construction,498,0.0008510279026553723,-1.5932843780094834,6.03
1,237130,Power and Communication Line and Related Structures Construction,889,0.0014282732653893872,-1.3104352053230537,10.36
1,237210,Land Subdivision,631,0.00024511186850838463,-1.1612544526178448,14.16
1,237310,"Highway, Street, and Bridge Construction",990,0.002228505090541384,-1.0069842811507437,18.08
1,237990,Other Heavy and Civil Engineering Construction,946,0.0008575674315490875,-1.519160113318403,6.98
1,238110,Poured Concrete Foundation and Structure Contractors,1253,0.0017197985797565878,-1.5061182643987736,7.4
1,238120,Structural Steel and Precast Concrete Contractors,655,0.0005447083382733546,-0.8684514220580576,20.61
1,238130,Framing Contractors,908,0.0006333246912120503,-1.4622570085902828,8.35
1,238140,Masonry Contractors,1038,0.0010414486584684225,-1.104821616707757,15.64
1,238150,Glass and Glazing Contractors,635,0.0004971303973571492,-0.08895019595215388,44.71
1,238160,Roofing Contractors,831,0.0017056468097734338,-0.7629896317040766,23.47
1,238170,Siding Contractors,1220,0.0003496640208038706,-1.2699188084799995,11.21
1,238190,"Other Foundation, Structure, and Building Exterior Contractors",1014,0.00037706694144007906,-1.468837452858811,8.25
1,238210,Electrical Contractors and Other Wiring Installation Contractors,919,0.0069573474257351026,-0.9394860924357918,19.03
1,238220,"Plumbing, Heating, and Air-Conditioning Contractors",1011,0.008182958396136713,-0.6568422282753982,27.27
1,238290,Other Building Equipment Contractors,838,0.0010196215466784344,-1.1396133406495625,15.01
1,238310,Drywall and Insulation Contractors,749,0.0017955710684908724,-0.8562614215306615,21.25
1,238320,Painting and Wall Covering Contractors,1039,0.0019142807271983664,-0.927659554405757,19.24
1,238330,Flooring Contractors,1054,0.0008042358524921834,-1.0677916304118404,16.38
1,238340,Tile and Terrazzo Contractors,684,0.0005048114755928375,-0.5604404394556058,28.65
1,238350,Finish Carpentry Contractors,1337,0.0015384528543907808,-1.3272966767495382,10.04
1,238390,Other Building Finishing Contractors,594,0.000641401583038674,-0.26620724362571097,38.48
1,238910,Site Preparation Contractors,2171,0.003359493666994018,-1.7923234151555745,4.23
1,238990,All Other Specialty Trade Contractors,1437,0.003342393372579838,-1.4483025684683057,8.46
1,311111,Dog and Cat Food Manufacturing,226,0.00022256770311162945,-0.26402705002186083,38.69
1,311119,Other Animal Food Manufacturing,735,0.00021743359928717758,-1.6598490669443895,5.29
1,311211,Flour Milling,225,8.62644171084998e-05,-0.8368076636606117,22.09
1,311212,Rice Milling,59,3.0867723664106755e-05,-1.5193815584307613,6.87
1,311213,Malt Manufacturing,73,6.969761057775453e-06,0.23311886965891715,56.03
1,311221,Wet Corn Milling and Starch Manufacturing,55,7.807853313364748e-05,-0.8942877672967566,20.19
1,311224,Soybean and Other Oilseed Processing,188,5.838537287739799e-05,-1.4747453609357448,8.14
1,311225,Fats and Oils Refining and Blending,143,5.193762684534893e-05,-0.3812648034679499,34.67
1,311230,Breakfast Cereal Manufacturing,101,7.60535737481374e-05,-0.2069287949492832,41.01
1,311313,Beet Sugar Manufacturing,27,3.9397793370207254e-05,-1.513456727540888,7.19
1,311314,Cane Sugar Manufacturing,33,3.8307871887921376e-05,0.5208349053241993,68.18
1,311340,Nonchocolate Confectionery Manufacturing,179,0.00015557195052417306,0.5700811631968595,70.08
1,311351,Chocolate and Confectionery Manufacturing from Cacao Beans,97,6.029560368582534e-05,1.4986309535517406,95.24
1,311352,Confectionery Manufacturing from Purchased Chocolate,290,0.00018771316139389805,0.5203243333739688,68.08
1,311411,"Frozen Fruit, Juice, and Vegetable Manufacturing",97,0.0001742899178752194,-0.09635336649115736,44.29
1,311412,Frozen Specialty Food Manufacturing,192,0.000373189115534683,0.4363738842624184,63.42
1,311421,Fruit and Vegetable Canning,297,0.0003220431158712049,-0.21812004851600572,40.06
1,311422,Specialty Canning,57,6.899776625754991e-05,0.7852891499650021,77.91
1,311423,Dried and Dehydrated Food Manufacturing,108,7.677062735490443e-05,-0.27507570066888537,38.05
1,311511,Fluid Milk Manufacturing,251,0.0003279172190178403,0.5164447636398541,67.97
1,311512,Creamery Butter Manufacturing,46,2.2010677513320505e-05,0.4430363969155615,64.16
1,311513,Cheese Manufacturing,228,0.0003601215306049608,-0.903509596071609,19.77
1,311514,"Dry, Condensed, and Evaporated Dairy Product Manufacturing",126,0.00011689121076073284,-0.7517688957531293,24.1
1,311520,Ice Cream and Frozen Dessert Manufacturing,212,0.00015060420313649115,-0.19752681809422562,41.44
1,311611,Animal (except Poultry) Slaughtering,557,0.0008722412165579678,-2.3069854404174523,1.06
1,311612,Meat Processed from Carcasses,510,0.0008866339165529955,-1.244942354773026,11.52
1,311613,Rendering and Meat Byproduct Processing,170,4.806553736880701e-05,-1.0645411128924527,16.49
1,311615,Poultry Processing,239,0.0014251354388061749,-1.2634992797120865,11.31
1,311710,Seafood Product Preparation and Packaging,174,0.00018712804565077616,-0.45885187359086754,32.24
1,311811,Retail Bakeries,659,0.0007375441306339963,-0.4073568100193032,34.04
1,311812,Commercial Bakeries,336,0.0008920089503893211,0.794107290592787,78.22
1,311813,"Frozen Cakes, Pies, and Other Pastries Manufacturing",100,8.127372400540133e-05,1.3235921890536566,91.54
1,311821,Cookie and Cracker Manufacturing,138,0.00022534413467703137,1.1254670863490752,86.79
1,311824,"Dry Pasta, Dough, and Flour Mixes Manufacturing from Purchased Flour",165,0.00012776747986817502,1.1723284518405823,87.84
1,311830,Tortilla Manufacturing,114,0.0001257195747672484,0.3753760514374775,61.42
1,311911,Roasted Nuts and Peanut Butter Manufacturing,101,9.644084189573737e-05,0.7660064130050803,77.38
1,311919,Other Snack Food Manufacturing,155,0.0002857085755091063,0.6081434231547328,71.99
1,311920,Coffee and Tea Manufacturing,277,0.00016804868328191926,0.45512571626775045,64.8
1,311930,Flavoring Syrup and Concentrate Manufacturing,76,5.8006768573025006e-05,2.2255853189379295,99.47
1,311941,"Mayonnaise, Dressing, and Other Prepared Sauce Manufacturing",129,0.0001232127553579909,0.9956625890204026,83.19
1,311942,Spice and Extract Manufacturing,181,0.00016882310117722764,0.63045654432963,72.73
1,311991,Perishable Prepared Food Manufacturing,190,0.000403477459884522,0.8863582962190115,80.44
1,311999,All Other Miscellaneous Food Manufacturing,293,0.0002526724817381361,-0.26492475919838104,38.58
1,312111,Soft Drink Manufacturing,253,0.0004735192561935247,1.0447192963883214,84.78
1,312112,Bottled Water Manufacturing,235,0.0001267463955321388,0.14756411854145507,52.43
1,312113,Ice Manufacturing,270,4.600615941017213e-05,0.11905904262135467,51.59
1,312120,Breweries,658,0.0006408164672955521,-0.0760900606885981,45.67
1,312130,Wineries,481,0.00046084174842588374,-0.9166149165625769,19.45
1,312140,Distilleries,365,0.00015861799424571937,-0.16402704635964765,42.18
1,312230,Tobacco Manufacturing,80,6.208536948831582e-05,0.8637295538045429,79.92
1,313110,"Fiber, Yarn, and Thread Mills",131,0.0001226391124725773,-0.8580815810479533,21.04
1,313210,Broadwoven Fabric Mills,161,0.00011414346133960162,-0.5447863154715162,29.39
1,313220,Narrow Fabric Mills and Schiffli Machine Embroidery,101,3.220431158712049e-05,0.5764933252706399,70.72
1,313230,Nonwoven Fabric Mills,144,8.97062744209815e-05,0.7241564005519919,76.0
1,313240,Knit Fabric Mills,67,2.5641836977988704e-05,1.2288264217029359,89.53
1,313310,Textile and Fabric Finishing Mills,262,0.0001001867299374883,-0.4909329315505701,31.18
1,313320,Fabric Coating Mills,102,3.675903609730461e-05,1.3015832425433378,91.12
1,314110,Carpet and Rug Mills,60,0.00015349536327897577,-0.09438938254182831,44.4
1,314120,Curtain and Linen Mills,309,8.756085002953458e-05,-0.0009081502178832919,47.99
1,314910,Textile Bag and Canvas Mills,430,0.00014142591696987325,-0.05889945795609097,46.19
1,314994,"Rope, Cordage, Twine, Tire Cord, and Tire Fabric Mills",94,2.968028289130057e-05,0.35304843112155637,60.47
1,314999,All Other Miscellaneous Textile Product Mills,585,0.0001906215308229451,-0.5004604067656921,30.97
1,315120,Apparel Knitting Mills,68,3.754492685032127e-05,0.4610537783735954,65.33
1,315210,Cut and Sew Apparel Contractors,292,0.0001564324148522935,-0.9035629069013487,19.66
1,315250,Cut and Sew Apparel Manufacturing (except Contractors),285,0.0002780905979908135,-0.4589313892642732,32.14
1,315990,Apparel Accessories and Other Apparel Manufacturing,328,8.376907055695057e-05,-0.21581125150881605,40.27
1,316110,Leather and Hide Tanning and Finishing,238,2.2957188274252973e-05,-0.7411854272551657,24.42
1,316210,Footwear Manufacturing,171,7.423512580137624e-05,-0.849595231380552,21.67
1,316990,Other Leather and Allied Product Manufacturing,419,7.607651946355395e-05,-0.7100331063265698,25.69
1,321113,Sawmills,926,0.0004699856160193768,-1.7786897942780282,4.33
1,321114,Wood Preservation,285,6.635900898464727e-05,-0.9998715326937248,18.18
1,321211,Hardwood Veneer and Plywood Manufacturing,142,7.491776083501844e-05,-0.6441619993577717,27.48
1,321212,Softwood Veneer and Plywood Manufacturing,59,8.522612348590115e-05,-1.0534489817339532,17.12
1,321215,Engineered Wood Member Manufacturing,475,0.000229204751295865,-0.5523829538112903,29.07
1,321219,Reconstituted Wood Product Manufacturing,119,8.214566119123003e-05,-0.48706875265235566,31.29
1,321911,Wood Window and Door Manufacturing,251,0.000331232874895531,-0.2098742964437389,40.59
1,321912,"Cut Stock, Resawing Lumber, and Planing",307,7.645512376792694e-05,-1.070770619460922,16.17
1,321918,Other Millwork (including Flooring),547,0.00021076213252981722,-0.891874017537774,20.3
1,321920,Wood Container and Pallet Manufacturing,798,0.0003993816496826688,-1.1976944580750837,12.79
1,321991,Manufactured Home (Mobile Home) Manufacturing,146,0.00017872991380832082,-0.6767905815284171,26.64
1,321992,Prefabricated Wood Building Manufacturing,401,0.00010904377608827456,-0.9869820579878114,18.39
1,321999,All Other Miscellaneous Wood Product Manufacturing,925,0.00020311547286725368,-1.484987158309003,8.03
1,322110,Pulp Mills,53,2.6238425578818864e-05,-0.5318850628076071,29.7
1,322120,Paper Mills,172,0.0002895347735548152,-0.2321569977700357,39.75
1,322130,Paperboard Mills,131,0.00018880881930503806,0.23527508435411323,56.24
1,322211,Corrugated and Solid Fiber Box Manufacturing,380,0.0006080958771115594,0.6134848649998559,72.3
1,322212,Folding Paperboard Box Manufacturing,148,0.00016644821963161525,1.3158232817700304,91.44
1,322219,Other Paperboard Container Manufacturing,164,0.0001501854438301392,0.6157159871819049,72.52
1,322220,Paper Bag and Coated and Treated Paper Manufacturing,250,0.0003133868447303134,0.8849331223744359,80.34
1,322230,Stationery Product Manufacturing,140,7.595031802876295e-05,1.1827610864783997,88.37
1,322291,Sanitary Paper Product Manufacturing,100,0.00016512884099516393,0.7646002429462141,77.27
1,322299,All Other Converted Paper Product Manufacturing,180,0.0001028197507815368,0.8371725946084053,79.49
1,323111,Commercial Printing (except Screen and Books),567,0.0015173427962075596,-0.11207222826733539,43.76
1,323113,Commercial Screen Printing,650,0.00046085895771244616,-0.5595313031750795,28.75
1,323117,Books Printing,134,7.555450443782756e-05,1.155845261491349,87.63
1,323120,Support Activities for Printing,198,9.54771218482425e-05,1.084002725768816,86.26
1,324110,Petroleum Refineries,158,0.0003719213647579189,-0.6986004081530321,26.11
1,324121,Asphalt Paving Mixture and Block Manufacturing,359,0.00010272223149101648,-0.143241285003096,42.39
1,324122,Asphalt Shingle and Coating Materials Manufacturing,104,7.890457888864309e-05,0.8895260802156578,80.66
1,324191,Petroleum Lubricating Oil and Grease Manufacturing,150,6.383498028882735e-05,0.9626051504136196,82.66
1,324199,All Other Petroleum and Coal Products Manufacturing,76,2.6691603458295625e-05,0.426455988129658,63.32
1,325110,Petrochemical Manufacturing,51,0.00015122373745273784,-0.4817051584433322,31.5
1,325120,Industrial Gas Manufacturing,201,0.00012678655053411774,0.2987802262603182,58.77
1,325130,Synthetic Dye and Pigment Manufacturing,111,5.582692560845326e-05,1.0567145252791053,85.2
1,325180,Other Basic Inorganic Chemical Manufacturing,251,0.0002394155946562274,-0.10843211311695512,43.97
1,325193,Ethyl Alcohol Manufacturing,170,6.142568017009016e-05,-1.8832240612136781,3.59
1,325194,"Cyclic Crude, Intermediate, and Gum and Wood Chemical Manufacturing",75,1.8557347343130527e-05,-0.5173758783417567,30.44
1,325199,All Other Basic Organic Chemical Manufacturing,253,0.00024211171621767142,0.11386640237465778,51.27
1,325211,Plastics Material and Resin Manufacturing,315,0.00035728773475101754,0.1047979248836079,50.85
1,325212,Synthetic Rubber Manufacturing,107,5.465669412220948e-05,0.5094162186383753,67.44
1,325220,Artificial and Synthetic Fibers and Filaments Manufacturing,114,0.00013937227544009252,0.1715303300595157,53.38
1,325311,Nitrogenous Fertilizer Manufacturing,196,5.174832469316244e-05,-0.8999244250321263,19.87
1,325312,Phosphatic Fertilizer Manufacturing,41,3.3678573802633485e-05,-0.6190791481648095,27.91
1,325314,Fertilizer (Mixing Only) Manufacturing,282,4.335019285070707e-05,-0.6848528169681654,26.53
1,325315,Compost Manufacturing,82,7.073016777149904e-06,0.4588115313360083,65.22
1,325320,Pesticide and Other Agricultural Chemical Manufacturing,176,8.156628187696228e-05,-0.3754137924293052,34.78
1,325411,Medicinal and Botanical Manufacturing,207,0.0002605830171279899,0.2843395954564705,58.25
1,325412,Pharmaceutical Preparation Manufacturing,211,0.00133259536853125,0.7090222237783971,75.58
1,325413,In-Vitro Diagnostic Substance Manufacturing,85,0.00016314403661163283,1.890350932883045,97.78
1,325414,Biological Product (except Diagnostic) Manufacturing,99,0.0002677822353399308,1.0742865889291424,85.84
1,325510,Paint and Coating Manufacturing,311,0.0002467410143029593,0.26503542368032673,57.51
1,325520,Adhesive Manufacturing,168,0.0001384372375368683,1.284896577130383,90.8
1,325611,Soap and Other Detergent Manufacturing,208,0.00016662031249723935,0.4887244772742295,66.6
1,325612,Polish and Other Sanitation Good Manufacturing,181,0.0001520211010634628,0.6511644836554268,73.36
1,325613,Surface Active Agent Manufacturing,70,2.7466021353604006e-05,1.2324002281225221,89.64
1,325620,Toilet Preparation Manufacturing,212,0.00032837039689731707,0.8947754840019014,80.87
1,325910,Printing Ink Manufacturing,146,4.3774688585913154e-05,1.2164848970409028,89.32
1,325920,Explosives Manufacturing,70,4.085484629915784e-05,-0.44019378051017793,32.98
1,325991,Custom Compounding of Purchased Resins,185,9.914843631488965e-05,0.3918557635602031,62.26
1,325992,"Photographic Film, Paper, Plate, Chemical, and Copy Toner Manufacturing",104,3.5210200306687845e-05,0.22962133696077694,55.6
1,325998,All Other Miscellaneous Chemical Product and Preparation Manufacturing,405,0.00024955186444148604,-0.08133259293850006,45.24
1,326111,Plastics Bag and Pouch Manufacturing,157,0.00022692165261191882,0.8884942771369281,80.55
1,326112,Plastics Packaging Film and Sheet (including Laminated) Manufacturing,133,0.00014076049122279345,1.1526586574372024,87.53
1,326113,Unlaminated Plastics Film and Sheet (except Packaging) Manufacturing,194,0.00020758415094462577,0.6018472303729296,71.35
1,326121,Unlaminated Plastics Profile Shape Manufacturing,174,0.00012836980489785933,1.1452684037554486,87.1
1,326122,Plastics Pipe and Pipe Fitting Manufacturing,253,0.00018644541061713397,-0.2936149750927321,37.32
1,326130,"Laminated Plastics Plate, Sheet (except Packaging), and Shape Manufacturing",165,0.00011654702502948468,1.0027716764951726,83.4
1,326140,Polystyrene Foam Product Manufacturing,194,0.00016841007829972984,0.4899196584034055,66.7
1,326150,Urethane and Other Foam Product (except Polystyrene) Manufacturing,259,0.00021425561770198613,0.6651069674392613,74.0
1,326160,Plastics Bottle Manufacturing,196,0.0002002300491536232,0.7143948156351212,75.79
1,326191,Plastics Plumbing Fixture Manufacturing,132,8.643077354526975e-05,0.7963234365465971,78.33
1,326199,All Other Plastics Product Manufacturing,683,0.0017202919126380434,-0.5056094329117692,30.87
1,326211,Tire Manufacturing (except Retreading),72,0.0002953285666974927,0.3766089648965426,61.63
1,326212,Tire Retreading,140,3.739577970011373e-05,0.2649460131290161,57.4
1,326220,Rubber and Plastics Hoses and Belting Manufacturing,158,0.00013224189437440124,0.4417989474728034,63.95
1,326291,Rubber Product Manufacturing for Mechanical Use,174,0.0001582565992279088,0.47737836294554226,66.07
1,326299,All Other Rubber Product Manufacturing,212,0.00014183320341851693,0.15438774524344728,52.64
1,327110,"Pottery, Ceramics, and Plumbing Fixture Manufacturing",437,9.633758617636292e-05,-0.34475602270418615,35.84
1,327120,Clay Building Material and Refractories Manufacturing,257,0.00012737740270609376,-0.3271648753512874,36.26
1,327211,Flat Glass Manufacturing,77,6.746040332464142e-05,0.8968310562878486,81.08
1,327212,Other Pressed and Blown Glass and Glassware Manufacturing,199,6.996722273389893e-05,-0.22906152148198514,39.85
1,327213,Glass Container Manufacturing,57,6.492490177111323e-05,0.27925036687438004,58.14
1,327215,Glass Product Manufacturing Made of Purchased Glass,333,0.0002709430076385598,-0.1969797398669284,41.54
1,327310,Cement Manufacturing,171,8.812875648609406e-05,0.37862052059794976,61.84
1,327320,Ready-Mix Concrete Manufacturing,1198,0.0006184845497664,-1.3621502092484625,9.41
1,327331,Concrete Block and Brick Manufacturing,319,0.00010852176106254816,0.5889378300642715,71.14
1,327332,Concrete Pipe Manufacturing,150,5.762816426865202e-05,1.1967466329472225,89.01
1,327390,Other Concrete Product Manufacturing,539,0.0003310837277453235,-0.21730328960823675,40.17
1,327410,Lime Manufacturing,71,2.4408504774349426e-05,-0.14011928905645626,42.6
1,327420,Gypsum Product Manufacturing,114,7.098830706993517e-05,0.366520103542507,60.68
1,327910,Abrasive Product Manufacturing,158,5.750196283386102e-05,1.0140632395729647,83.83
1,327991,Cut Stone and Stone Product Manufacturing,611,0.0002110604268302323,-0.25321882712433097,38.79
1,327992,Ground or Treated Mineral and Earth Manufacturing,117,3.9420739085623796e-05,0.0023673392820002586,48.1
1,327993,Mineral Wool Manufacturing,162,0.00010100130283477564,0.3451354111676696,60.15
1,327999,All Other Miscellaneous Nonmetallic Mineral Product Manufacturing,236,7.422938937252211e-05,-0.1404690792226493,42.49
1,331110,Iron and Steel Mills and Ferroalloy Manufacturing,229,0.0004933845093153983,-0.3334248173015962,36.15
1,331210,Iron and Steel Pipe and Tube Manufacturing from Purchased Steel,203,0.00016025861289800233,-0.0025648245248364346,47.78
1,331221,Rolled Steel Shape Manufacturing,182,0.0001259260862059973,0.41306967739537404,62.68
1,331222,Steel Wire Drawing,134,5.9699015084995175e-05,0.16656335138603334,53.07
1,331313,Alumina Refining and Primary Aluminum Production,62,4.472693577569976e-05,0.10498125608371475,50.95
1,331314,Secondary Smelting and Alloying of Aluminum,71,3.2818109474513056e-05,0.3568570694257387,60.57
1,331315,"Aluminum Sheet, Plate, and Foil Manufacturing",76,0.00010837835034119476,0.5528469864024772,69.45
1,331318,"Other Aluminum Rolling, Drawing, and Extruding",148,0.00015555474123761067,0.5465073096816179,69.24
1,331410,Nonferrous Metal (except Aluminum) Smelting and Refining,62,4.709034446360386e-05,0.6996425409159295,75.48
1,331420,"Copper Rolling, Drawing, Extruding, and Alloying",131,0.00016523783314339254,0.7324175119144668,76.32
1,331491,"Nonferrous Metal (except Copper and Aluminum) Rolling, Drawing, and Extruding",130,8.912689510671375e-05,0.7499251178335137,76.74
1,331492,"Secondary Smelting, Refining, and Alloying of Nonferrous Metal (except Copper and Aluminum)",104,6.011203796249298e-05,0.7524583529263993,76.96
1,331511,Iron Foundries,183,0.00019064447653836165,-0.08169488777023817,45.14
1,331512,Steel Investment Foundries,61,6.335312026507992e-05,1.261949086130285,90.17
1,331513,Steel Foundries (except Investment),104,6.355963170382882e-05,0.4207757293230041,62.9
1,331523,Nonferrous Metal Die-Casting Foundries,127,0.00011960454160873925,0.4369557097847931,63.53
1,331524,Aluminum Foundries (except Die-Casting),158,8.854177936359187e-05,0.6144329963695897,72.41
1,331529,Other Nonferrous Metal Foundries (except Die-Casting),124,7.611093803667877e-05,0.45384236715147275,64.69
1,332111,Iron and Steel Forging,173,0.00011681663718562908,0.3710277531539288,61.1
1,332112,Nonferrous Forging,48,3.95641498069772e-05,1.7488974868902856,97.15
1,332114,Custom Roll Forming,101,3.465950313669077e-05,0.6038480860906354,71.56
1,332117,Powder Metallurgy Part Manufacturing,68,4.690104231141737e-05,1.2728898798013815,90.59
1,332119,"Metal Crown, Closure, and Other Metal Stamping (except Automotive)",265,0.00027464874067833177,0.5899464711859627,71.25
1,332215,"Metal Kitchen Cookware, Utensil, Cutlery, and Flatware (except Precious) Manufacturing",150,5.5803979893036715e-05,0.15854506132425894,52.96
1,332216,Saw Blade and Handtool Manufacturing,268,0.0001478564537153599,0.11828406642737205,51.48
1,332311,Prefabricated Metal Building and Component Manufacturing,444,0.00021956755082091624,-0.8630113349995776,20.72
1,332312,Fabricated Structural Metal Manufacturing,644,0.0005780541992024482,-0.47547964756161176,31.82
1,332313,Plate Work Manufacturing,493,0.0002825248574950608,-0.5401720123402193,29.49
1,332321,Metal Window and Door Manufacturing,254,0.0003923487879074978,0.048060203794352566,49.47
1,332322,Sheet Metal Work Manufacturing,581,0.0006713858966592439,-0.2810986854086684,37.74
1,332323,Ornamental and Architectural Metal Work Manufacturing,493,0.0002645640987527604,-0.20808354808642368,40.7
1,332410,Power Boiler and Heat Exchanger Manufacturing,150,0.000130716004299201,0.7734111258371142,77.7
1,332420,Metal Tank (Heavy Gauge) Manufacturing,368,0.00022263080382902496,-0.2900818563458327,37.53
1,332431,Metal Can Manufacturing,126,0.00012440593255965123,1.409627147368991,93.66
1,332439,Other Metal Container Manufacturing,171,8.413046557476114e-05,0.4585863657543542,65.12
1,332510,Hardware Manufacturing,200,0.00013182887149690344,0.5103279620512202,67.55
1,332613,Spring Manufacturing,147,8.905805796046412e-05,1.2691089134789482,90.49
1,332618,Other Fabricated Wire Product Manufacturing,303,0.0001396246783096745,-0.0768380669408404,45.45
1,332710,Machine Shops,1029,0.0015385905286832802,-1.048412319234887,17.23
1,332721,Precision Turned Product Manufacturing,286,0.00022667498617119097,0.3686743564708245,60.89
1,332722,"Bolt, Nut, Screw, Rivet, and Washer Manufacturing",179,0.0002061959351619248,0.9203680516749752,81.71
1,332811,Metal Heat Treating,182,0.00010495943874412959,1.1998242308965967,89.11
1,332812,"Metal Coating, Engraving (except Jewelry and Silverware), and Allied Services to Manufacturers",450,0.0003440767390999419,0.06776382421385213,49.89
1,332813,"Electroplating, Plating, Polishing, Anodizing, and Coloring",324,0.0003060786343701439,0.2928051527554574,58.67
1,332911,Industrial Valve Manufacturing,161,0.0001584459013800953,0.8966596268049696,80.97
1,332912,Fluid Power Valve and Hose Fitting Manufacturing,165,0.00020692446162640012,0.9344808480812367,81.82
1,332913,Plumbing Fixture Fitting and Trim Manufacturing,94,6.630738112496004e-05,1.0535954272452024,84.88
1,332919,Other Metal Valve and Pipe Fitting Manufacturing,124,8.550147207089968e-05,0.8011528158660817,78.44
1,332991,Ball and Roller Bearing Manufacturing,105,0.00011502113495428445,0.7306817354510524,76.22
1,332992,Small Arms Ammunition Manufacturing,98,7.000737773587788e-05,-1.0920947144246445,15.96
1,332993,Ammunition (except Small Arms) Manufacturing,34,0.00010330161080528425,0.5376786189076588,68.6
1,332994,"Small Arms, Ordnance, and Ordnance Accessories Manufacturing",207,0.00014536684359266482,-0.10453352513338558,44.08
1,332996,Fabricated Pipe and Pipe Fitting Manufacturing,271,0.00018824664927733273,-0.022486951412084934,47.15
1,332999,All Other Miscellaneous Fabricated Metal Product Manufacturing,595,0.0005069282178400138,-0.6241513630657489,27.8
1,333111,Farm Machinery and Equipment Manufacturing,506,0.00038331391246223336,-2.145773698099792,1.8
1,333112,Lawn and Garden Tractor and Home Lawn and Garden Equipment Manufacturing,106,9.231061312075932e-05,0.06686605319477903,49.79
1,333120,Construction Machinery Manufacturing,294,0.0004382058001674624,-0.6449039681948991,27.38
1,333131,Mining Machinery and Equipment Manufacturing,147,5.5631887027412625e-05,-0.44350715396881396,32.77
1,333132,Oil and Gas Field Machinery and Equipment Manufacturing,192,0.0002716887433895975,-1.5044839396836747,7.61
1,333241,Food Product Machinery Manufacturing,231,0.00012134841598039664,0.12702012124146395,51.9
1,333242,Semiconductor Machinery Manufacturing,51,0.00016722837395577778,1.9520325221753925,97.99
1,333243,"Sawmill, Woodworking, and Paper Machinery Manufacturing",211,7.335171575783927e-05,0.09084330192448732,50.53
1,333248,All Other Industrial Machinery Manufacturing,438,0.00040823869583345504,0.11964263305201259,51.69
1,333310,Commercial and Service Industry Machinery Manufacturing,333,0.0005129457317080027,0.33196298884843317,59.83
1,333413,Industrial and Commercial Fan and Blower and Air Purification Equipment Manufacturing,202,0.0001889235478821208,0.5300625919173718,68.39
1,333414,Heating Equipment (except Warm Air Furnaces) Manufacturing,179,8.95628636996281e-05,0.2567230765112793,57.08
1,333415,Air-Conditioning and Warm Air Heating Equipment and Commercial and Industrial Refrigeration Equipment Manufacturing,236,0.0005676769994053159,0.10338248880051551,50.74
1,333511,Industrial Mold Manufacturing,297,0.00018520634198464055,0.1464200869597338,52.33
1,333514,"Special Die and Tool, Die Set, Jig, and Fixture Manufacturing",383,0.0002953916674148882,-0.08919732610057989,44.61
1,333515,Cutting Tool and Machine Tool Accessory Manufacturing,230,0.00012195647743893509,0.7211618790808113,75.9
1,333517,Machine Tool Manufacturing,333,0.00024376380772766262,0.17650436866305605,53.59
1,333519,Rolling Mill and Other Metalworking Machinery Manufacturing,129,6.581978467235848e-05,0.8228213650186028,79.18
1,333611,Turbine and Turbine Generator Set Units Manufacturing,82,0.00011608811072115378,0.6813066011648733,74.74
1,333612,"Speed Changer, Industrial High-Speed Drive, and Gear Manufacturing",100,6.488474676913428e-05,1.3870381516090269,93.02
1,333613,Mechanical Power Transmission Equipment Manufacturing,138,7.642070519480212e-05,0.9873018251456216,83.09
1,333618,Other Engine Equipment Manufacturing,96,0.00027813075299279244,0.40670837504933305,62.47
1,333912,Air and Gas Compressor Manufacturing,149,0.00011395989561626926,0.508639396612742,67.34
1,333914,"Measuring, Dispensing, and Other Pumping Equipment Manufacturing",246,0.0001609814029336235,0.03233033695014323,49.15
1,333921,Elevator and Moving Stairway Manufacturing,92,6.66802490004789e-05,1.1372457658740276,87.0
1,333922,Conveyor and Conveying Equipment Manufacturing,292,0.00021204135616428957,-0.021673724068234784,47.36
1,333923,"Overhead Traveling Crane, Hoist, and Monorail System Manufacturing",153,9.124363735389e-05,0.5714831617836267,70.3
1,333924,"Industrial Truck, Tractor, Trailer, and Stacker Machinery Manufacturing",162,0.00018910711360545316,-0.2910041043376741,37.42
1,333991,Power-Driven Handtool Manufacturing,88,5.929172863635151e-05,1.2170332894829536,89.43
1,333992,Welding and Soldering Equipment Manufacturing,202,9.160503237170058e-05,-0.01438966949450566,47.67
1,333993,Packaging Machinery Manufacturing,185,0.00014061134407258592,1.005064646651542,83.51
1,333994,Industrial Process Furnace and Oven Manufacturing,135,5.7077467098654944e-05,1.1017925444424284,86.47
1,333995,Fluid Power Cylinder and Actuator Manufacturing,151,9.165092380253367e-05,0.4244613980268527,63.11
1,333996,Fluid Power Pump and Motor Manufacturing,103,0.00010603215093985307,0.6948086849771502,75.16
1,333998,All Other Miscellaneous General Purpose Machinery Manufacturing,354,0.0002789453258900798,0.23216352706589105,55.81
1,334111,Electronic Computer Manufacturing,63,0.00035601998397425343,2.453348958936336,99.68
1,334112,Computer Storage Device Manufacturing,32,7.954705892030634e-05,2.1784994751958573,99.26
1,334118,Computer Terminal and Other Computer Peripheral Equipment Manufacturing,107,0.00017578712580614895,1.6698557099573859,96.19
1,334210,Telephone Apparatus Manufacturing,71,7.859481173051974e-05,2.1502080816033153,99.05
1,334220,Radio and Television Broadcasting and Wireless Communications Equipment Manufacturing,128,0.00029266112728031936,1.5539439130361292,95.45
1,334290,Other Communications Equipment Manufacturing,135,0.0001059288952204786,1.3791360230598342,92.81
1,334310,Audio and Video Equipment Manufacturing,120,0.00011066144902514095,1.6391136112993259,95.98
1,334412,Bare Printed Circuit Board Manufacturing,83,0.0001576370649116621,1.839887925154227,97.46
1,334413,Semiconductor and Related Device Manufacturing,93,0.001178968067388629,1.4293638602228378,93.87
1,334416,"Capacitor, Resistor, Coil, Transformer, and Other Inductor Manufacturing",130,9.849448342551813e-05,1.1857689160811102,88.58
1,334417,Electronic Connector Manufacturing,90,0.00013322282370845854,1.816207490270785,97.36
1,334418,Printed Circuit Assembly (Electronic Assembly) Manufacturing,188,0.0003462451092068054,1.3332184658877797,91.75
1,334419,Other Electronic Component Manufacturing,253,0.00037362508412759735,0.4832181513610798,66.28
1,334510,Electromedical and Electrotherapeutic Apparatus Manufacturing,90,0.0004272262753406458,2.024329851262101,98.31
1,334511,"Search, Detection, Navigation, Guidance, Aeronautical, and Nautical System and Instrument Manufacturing",112,0.0007062576476635377,1.1513485968475783,87.32
1,334512,"Automatic Environmental Control Manufacturing for Residential, Commercial, and Appliance Use",123,7.524473727970421e-05,1.239257514906271,89.75
1,334513,"Instruments and Related Products Manufacturing for Measuring, Displaying, and Controlling Industrial Process Variables",265,0.0003293742719467909,0.7692233309518621,77.59
1,334514,Totalizing Fluid Meter and Counting Device Manufacturing,82,5.190894470107825e-05,1.4158008822946222,93.76
1,334515,Instrument Manufacturing for Measuring and Testing Electricity and Electrical Signals,152,0.00020936818031826212,1.3757584334178619,92.49
1,334516,Analytical Laboratory Instrument Manufacturing,120,0.000257514027691027,2.0276591320587642,98.41
1,334517,Irradiation Apparatus Manufacturing,53,7.708039451302778e-05,2.7552317667707533,99.89
1,334519,Other Measuring and Controlling Device Manufacturing,162,0.00023609420234968256,1.4612296258576591,94.29
1,334610,Manufacturing and Reproducing Magnetic and Optical Media,135,6.701869830287294e-05,1.3148358934765256,91.33
1,335131,Residential Electric Lighting Fixture Manufacturing,118,3.865205761916955e-05,1.1787592342952005,88.16
1,335132,"Commercial, Industrial, and Institutional Electric Lighting Fixture Manufacturing",146,0.00010596331379360342,1.3716859930786687,92.28
1,335139,Electric Lamp Bulb and Other Lighting Equipment Manufacturing,109,6.712195402224739e-05,1.2674198498356068,90.38
1,335210,Small Electrical Appliance Manufacturing,96,5.984242580634858e-05,0.7900775763212594,78.12
1,335220,Major Household Appliance Manufacturing,83,0.00028907585924648426,-0.025309419222105018,47.04
1,335311,"Power, Distribution, and Specialty Transformer Manufacturing",135,0.00019491237960583897,0.5597358080912032,69.77
1,335312,Motor and Generator Manufacturing,192,0.0002098901953439885,0.46951310764930476,65.64
1,335313,Switchgear and Switchboard Apparatus Manufacturing,194,0.00025689449337478035,0.8046082707976402,78.54
1,335314,Relay and Industrial Control Manufacturing,169,0.00024928225228534163,0.8105324283655833,78.86
1,335910,Battery Manufacturing,116,0.0003216300929937071,0.8919694917231112,80.76
1,335921,Fiber Optic Cable Manufacturing,74,6.984102129910793e-05,1.484249238096145,94.82
1,335929,Other Communication and Energy Wire Manufacturing,104,7.521605513543352e-05,1.4088010161000335,93.55
1,335931,Current-Carrying Wiring Device Manufacturing,166,0.00016921891476816302,1.0602980893851477,85.31
1,335932,Noncurrent-Carrying Wiring Device Manufacturing,98,6.673187686016612e-05,1.027025937730741,84.14
1,335991,Carbon and Graphite Product Manufacturing,95,5.969327865614104e-05,1.1070641477374177,86.58
1,335999,All Other Miscellaneous Electrical Equipment and Component Manufacturing,232,0.00021939545795529215,1.3782200963225135,92.71
1,336110,Automobile and Light Duty Motor Vehicle Manufacturing,71,0.0014557163410275748,0.785321949606879,78.01
1,336120,Heavy Duty Truck Manufacturing,82,0.00022960056488680042,0.5394915904387326,68.92
1,336211,Motor Vehicle Body Manufacturing,287,0.0003593241669942359,-0.44011501211362686,33.09
1,336212,Truck Trailer Manufacturing,286,0.00024296070768808355,-1.1254257894045263,15.22
1,336213,Motor Home Manufacturing,30,9.45879753758514e-05,-0.2991483391806432,37.0
1,336214,Travel Trailer and Camper Manufacturing,271,0.00025528255686676804,-1.3151105409488888,10.15
1,336310,Motor Vehicle Gasoline Engine and Engine Parts Manufacturing,258,0.0003358965915539437,-0.24074384152754244,39.53
1,336320,Motor Vehicle Electrical and Electronic Equipment Manufacturing,222,0.0003521651037842739,-0.07320653580310194,45.77
1,336330,Motor Vehicle Steering and Suspension Components (except Spring) Manufacturing,136,0.00018401316478298022,0.2248881970817351,55.39
1,336340,Motor Vehicle Brake System Manufacturing,101,0.00011893337943280532,0.671700442512487,74.21
1,336350,Motor Vehicle Transmission and Power Train Parts Manufacturing,165,0.0004529771044668631,0.26638145173537886,57.61
1,336360,Motor Vehicle Seating and Interior Trim Manufacturing,184,0.00043468363285102283,0.19006578202103225,54.33
1,336370,Motor Vehicle Metal Stamping,177,0.0004773397178103794,0.22531500058020212,55.5
1,336390,Other Motor Vehicle Parts Manufacturing,367,0.0008906608896085991,-0.413625870060034,33.83
1,336411,Aircraft Manufacturing,84,0.0014673440823149088,0.5057767935407812,67.23
1,336412,Aircraft Engine and Engine Parts Manufacturing,140,0.000529937033973954,1.152552455563739,87.42
1,336413,Other Aircraft Parts and Auxiliary Equipment Manufacturing,204,0.0006052047169690747,0.5133362730964877,67.86
1,336414,Guided Missile and Space Vehicle Manufacturing,43,0.00046838515236907285,2.1738604327207036,99.15
1,336415,Guided Missile and Space Vehicle Propulsion Unit and Propulsion Unit Parts Manufacturing,34,0.00011299617556877438,1.4862133455395463,94.93
1,336419,Other Guided Missile and Space Vehicle Parts and Auxiliary Equipment Manufacturing,26,5.367002835929806e-05,2.698982870576533,99.79
1,336510,Railroad Rolling Stock Manufacturing,119,0.00013046933785847316,0.5436897711045662,69.13
1,336611,Ship Building and Repairing,110,0.0006234408242963736,0.16730026271991555,53.17
1,336612,Boat Building,251,0.00025603976547551404,-0.43901514650393425,33.3
1,336991,"Motorcycle, Bicycle, and Parts Manufacturing",127,5.910816291301915e-05,0.6600947552414989,73.78
1,336992,"Military Armored Vehicle, Tank, and Tank Component Manufacturing",39,4.991266745983886e-05,1.3779656148944,92.6
1,336999,All Other Transportation Equipment Manufacturing,180,0.0001222146167373712,-0.27031296994279336,38.27
1,337110,Wood Kitchen Cabinet and Countertop Manufacturing,794,0.0007306890981533036,-1.0589356821279245,16.7
1,337121,Upholstered Household Furniture Manufacturing,124,0.00027521664713489125,-0.6897883437637194,26.43
1,337122,Nonupholstered Wood Household Furniture Manufacturing,539,0.00017162821488690022,-0.8612132429830347,20.82
1,337126,Household Furniture (except Wood and Upholstered) Manufacturing,178,5.861483003156344e-05,0.5214487657914343,68.29
1,337127,Institutional Furniture Manufacturing,203,0.0001374218896296862,0.27262886420665366,57.93
1,337211,Wood Office Furniture Manufacturing,135,8.722813715599468e-05,0.4715871454652222,65.75
1,337212,Custom Architectural Woodwork and Millwork Manufacturing,427,0.0001695458912128488,0.31585870042648984,59.51
1,337214,Office Furniture (except Wood) Manufacturing,78,0.00010830377676609099,0.9658269586092386,82.77
1,337215,"Showcase, Partition, Shelving, and Locker Manufacturing",265,0.00022386413603266424,0.44291317112482703,64.06
1,337910,Mattress Manufacturing,165,0.00011449338349970392,0.8787976498566774,80.13
1,337920,Blind and Shade Manufacturing,132,5.219002971493092e-05,1.3414861761087227,91.86
1,339112,Surgical and Medical Instrument Manufacturing,174,0.0008172403367045102,1.0536708802610921,84.99
1,339113,Surgical Appliance and Supplies Manufacturing,295,0.000588746902586558,0.5388147824105624,68.82
1,339114,Dental Equipment and Supplies Manufacturing,134,9.770859267250147e-05,0.9561083485970197,82.56
1,339115,Ophthalmic Goods Manufacturing,127,0.00013942390329977974,1.2465742965670987,89.85
1,339116,Dental Laboratories,443,0.0002838499725603662,-0.13044694276612434,43.02
1,339910,Jewelry and Silverware Manufacturing,300,0.0001525316432314809,-0.4240346290529603,33.62
1,339920,Sporting and Athletic Goods Manufacturing,490,0.00028515787833910926,-0.7631589391287438,23.36
1,339930,"Doll, Toy, and Game Manufacturing",285,8.068860826227944e-05,-0.312906012296973,36.79
1,339940,Office Supplies (except Paper) Manufacturing,164,6.087498300009309e-05,0.6962808501213568,75.26
1,339950,Sign Manufacturing,670,0.0005164047983070468,-0.3644861690143392,35.2
1,339991,"Gasket, Packing, and Sealing Device Manufacturing",209,0.00016627039033713704,0.5115894025650094,67.76
1,339992,Musical Instrument Manufacturing,242,7.480876868678986e-05,0.013696304959239184,48.52
1,339993,"Fastener, Button, Needle, and Pin Manufacturing",76,2.992121290317429e-05,1.1790564337997818,88.27
1,339994,"Broom, Brush, and Mop Manufacturing",99,4.5828330115693904e-05,0.7264733258896803,76.11
1,339995,Burial Casket Manufacturing,84,1.87753316395877e-05,-0.08657616192397151,44.82
1,339999,All Other Miscellaneous Manufacturing,568,0.00045896593619058126,-0.6645708680702285,26.85
1,423110,Automobile and Other Motor Vehicle Merchant Wholesalers,593,0.0008155825087656648,-0.1978463285460798,41.33
1,423120,Motor Vehicle Supplies and New Parts Merchant Wholesalers,599,0.00105776879855844,-0.5209961028356858,30.34
1,423130,Tire and Tube Merchant Wholesalers,372,0.00020220338067944603,0.40059840580376593,62.37
1,423140,Motor Vehicle Parts (Used) Merchant Wholesalers,536,0.00013548297667698817,-0.3562920488268944,35.31
1,423210,Furniture Merchant Wholesalers,301,0.0002964414338951951,0.23898458873628203,56.45
1,423220,Home Furnishing Merchant Wholesalers,289,0.00036337982219411015,0.21567339277655498,54.86
1,423310,"Lumber, Plywood, Millwork, and Wood Panel Merchant Wholesalers",603,0.0006690110151136314,-0.4778137300757071,31.71
1,423320,"Brick, Stone, and Related Construction Material Merchant Wholesalers",558,0.00039297405865259866,-0.1955633405786587,41.65
1,423330,"Roofing, Siding, and Insulation Material Merchant Wholesalers",485,0.0002725434712888638,0.6218255495582071,72.62
1,423390,Other Construction Material Merchant Wholesalers,486,0.00021533406632656373,-0.11574731688893856,43.66
1,423410,Photographic Equipment and Supplies Merchant Wholesalers,112,6.75062947554745e-05,1.7438427555571225,97.04
1,423420,Office Equipment Merchant Wholesalers,285,0.00040233591054254894,1.1476273845842915,87.21
1,423430,Computer and Computer Peripheral Equipment and Software Merchant Wholesalers,155,0.0013164473213068567,1.3531219321550436,92.07
1,423440,Other Commercial Equipment Merchant Wholesalers,290,0.0003431818561986967,0.8538562597228355,79.7
1,423450,"Medical, Dental, and Hospital Equipment and Supplies Merchant Wholesalers",270,0.00183227847672849,0.6539557752997464,73.57
1,423460,Ophthalmic Goods Merchant Wholesalers,175,0.0001300161599789964,1.5780760553530173,95.77
1,423490,Other Professional Equipment and Supplies Merchant Wholesalers,229,0.00022092708445934652,1.0613532972805537,85.41
1,423510,Metal Service Centers and Other Metal Merchant Wholesalers,548,0.0007702475115314266,-0.5064932014603445,30.76
1,423520,Coal and Other Mineral and Ore Merchant Wholesalers,151,1.5408047902209765e-05,0.6334013101867448,72.94
1,423610,"Electrical Apparatus and Equipment, Wiring Supplies, and Related Equipment Merchant Wholesalers",466,0.00115575273981594,0.24669000862407048,56.77
1,423620,"Household Appliances, Electric Housewares, and Consumer Electronics Merchant Wholesalers",195,0.00020728585664421068,1.3297764784207473,91.65
1,423690,Other Electronic Parts and Equipment Merchant Wholesalers,217,0.0008242387799065564,0.7661043242683425,77.48
1,423710,Hardware Merchant Wholesalers,404,0.0005425858595973243,0.06112817395196132,49.68
1,423720,Plumbing and Heating Equipment and Supplies (Hydronics) Merchant Wholesalers,549,0.0007031485032245958,0.3260013534329835,59.62
1,423730,Warm Air Heating and Air-Conditioning Equipment and Supplies Merchant Wholesalers,348,0.0004903269927361437,0.680419122151974,74.63
1,423740,Refrigeration Equipment and Supplies Merchant Wholesalers,244,9.423805321574908e-05,1.0320812476827983,84.46
1,423810,Construction and Mining (except Oil Well) Machinery and Equipment Merchant Wholesalers,631,0.0006291657802928015,-0.31672877016010315,36.58
1,423820,Farm and Garden Machinery and Equipment Merchant Wholesalers,1420,0.0006811607714266918,-2.1572784833290664,1.59
1,423830,Industrial Machinery and Equipment Merchant Wholesalers,650,0.0020125686991851357,-0.6272978084216896,27.59
1,423840,Industrial Supplies Merchant Wholesalers,557,0.0006287068659844707,-0.29639294365510793,37.21
1,423850,Service Establishment Equipment and Supplies Merchant Wholesalers,507,0.00033610310299269264,0.2455333133528045,56.66
1,423860,Transportation Equipment and Supplies (except Motor Vehicle) Merchant Wholesalers,315,0.0002352911023101035,0.03049415506509771,49.05
1,423910,Sporting and Recreational Goods and Supplies Merchant Wholesalers,454,0.0003739807427165538,-0.06563495089709298,45.88
1,423920,Toy and Hobby Goods and Supplies Merchant Wholesalers,227,0.0001444432785471489,0.5109566677539312,67.65
1,423930,Recyclable Material Merchant Wholesalers,1115,0.0006287412845575955,-1.2946736155289549,10.57
1,423940,"Jewelry, Watch, Precious Stone, and Precious Metal Merchant Wholesalers",168,0.0002166419721053068,0.6054499939693001,71.78
1,423990,Other Miscellaneous Durable Goods Merchant Wholesalers,511,0.0005552002666475697,-0.5532251616784056,28.96
1,424110,Printing and Writing Paper Merchant Wholesalers,164,6.736862046297524e-05,1.734948124184268,96.83
1,424120,Stationery and Office Supplies Merchant Wholesalers,247,0.00022781653551316405,0.6646971720557193,73.89
1,424130,Industrial and Personal Service Paper Merchant Wholesalers,289,0.00037368818484499283,0.9459683643320614,82.03
1,424210,Drugs and Druggists' Sundries Merchant Wholesalers,235,0.0014984699452774517,0.3740761492809248,61.31
1,424310,"Piece Goods, Notions, and Other Dry Goods Merchant Wholesalers",207,0.0001333891801452285,0.5676124488996958,69.98
1,424340,Footwear Merchant Wholesalers,119,0.00013305073084283445,1.3119608724221974,91.23
1,424350,Clothing and Clothing Accessories Merchant Wholesalers,200,0.0005728742039471633,0.2700299750582127,57.82
1,424410,General Line Grocery Merchant Wholesalers,349,0.0014995828124751542,0.6337055052365228,73.04
1,424420,Packaged Frozen Food Merchant Wholesalers,242,0.00021173732543502036,0.49953182921349887,67.12
1,424430,Dairy Product (except Dried or Canned) Merchant Wholesalers,380,0.00020279423285142207,0.11734769859567658,51.37
1,424440,Poultry and Poultry Product Merchant Wholesalers,182,7.231915856409477e-05,-0.11950272109636377,43.45
1,424450,Confectionery Merchant Wholesalers,658,0.00038707127336169256,-0.48540610091231184,31.4
1,424460,Fish and Seafood Merchant Wholesalers,230,0.00016877720974639454,0.5701877827079405,70.19
1,424470,Meat and Meat Product Merchant Wholesalers,315,0.00028259943107016456,0.13489358137772833,52.22
1,424480,Fresh Fruit and Vegetable Merchant Wholesalers,266,0.000575054046911735,0.11065263767456734,51.06
1,424490,Other Grocery and Related Products Merchant Wholesalers,589,0.0014634662564095128,0.018942550145873312,48.73
1,424510,Grain and Field Bean Merchant Wholesalers,979,0.000237419317414988,-2.660876650878266,0.21
1,424520,Livestock Merchant Wholesalers,735,9.337185245877452e-05,-2.2026558972268218,1.37
1,424590,Other Farm Product Raw Material Merchant Wholesalers,417,9.972781562915741e-05,-1.161188535032214,14.27
1,424610,Plastics Materials and Basic Forms and Shapes Merchant Wholesalers,307,0.00018085239248435118,0.2861321683496964,58.35
1,424690,Other Chemical and Allied Products Merchant Wholesalers,631,0.0007096708228317486,-0.7497088811353605,24.21
1,424710,Petroleum Bulk Stations and Terminals,1008,0.0002015953192209076,-1.795609552290935,4.12
1,424720,Petroleum and Petroleum Products Merchant Wholesalers (except Bulk Stations and Terminals),988,0.0003929396400794739,-1.6993896971544165,5.18
1,424810,Beer and Ale Merchant Wholesalers,549,0.0006645021820342804,0.45735070646490406,64.9
1,424820,Wine and Distilled Alcoholic Beverage Merchant Wholesalers,269,0.0005816566765228457,0.9449869013156452,81.92
1,424910,Farm Supplies Merchant Wholesalers,1540,0.0007078695841715499,-2.257471059030436,1.16
1,424920,"Book, Periodical, and Newspaper Merchant Wholesalers",231,0.00015866388567655247,0.07065064782806657,50.0
1,424930,"Flower, Nursery Stock, and Florists' Supplies Merchant Wholesalers",423,0.0002903952378829356,-0.3835599677670196,34.57
1,424940,Tobacco Product and Electronic Cigarette Merchant Wholesalers,289,0.00014475878213412638,0.3835601472448186,62.05
1,424950,"Paint, Varnish, and Supplies Merchant Wholesalers",290,0.0001373874710565614,0.6533628623532076,73.47
1,424990,Other Miscellaneous Nondurable Goods Merchant Wholesalers,415,0.0005237531636691952,-0.24650624245961114,39.01
1,425120,Wholesale Trade Agents and Brokers,322,0.002862242804630932,-0.6647613871868872,26.74
1,441110,New Car Dealers,1239,0.006409862655896346,-0.5904749538991653,28.01
1,441120,Used Car Dealers,1261,0.0011915882108677288,-1.1686803746964654,13.74
1,441210,Recreational Vehicle Dealers,824,0.00031837753783341187,-0.8394690370092829,21.88
1,441222,Boat Dealers,791,0.0002389566803478965,-1.0286394042848603,17.76
1,441227,"Motorcycle, ATV, and All Other Motor Vehicle Dealers",1182,0.0004793532043381812,-0.8963720432686658,20.08
1,441330,Automotive Parts and Accessories Retailers,2052,0.0023541214095892577,-1.5419371093655958,6.66
1,441340,Tire Dealers,1519,0.0011373273303364546,-1.2162628769131074,12.47
1,444110,Home Centers,1301,0.004221082335169855,-0.4388592079128858,33.4
1,444120,Paint and Wallpaper Retailers,858,0.00025507604542801917,-0.2686185960320666,38.37
1,444140,Hardware Retailers,1922,0.0010515562461094106,-1.6184214975020508,5.6
1,444180,Other Building Material Dealers,1238,0.0015454570340216812,-1.1464285315692835,14.8
1,444230,Outdoor Power Equipment Retailers,1044,0.00019574416178968872,-0.8372223313306965,21.99
1,444240,"Nursery, Garden Center, and Farm Supply Retailers",1865,0.0009675118269674614,-1.5053681362934852,7.51
1,445110,Supermarkets and Other Grocery (except Convenience) Stores,1658,0.015186048105554696,-1.4070061218639205,8.99
1,445131,Convenience Retailers,1017,0.0010275148727817258,-1.0222872585480784,17.97
1,445132,Vending Machine Operators,562,0.00023696613953551126,0.12411366351862622,51.8
1,445230,Fruit and Vegetable Retailers,658,0.00022706506333327223,-0.8574104008936203,21.14
1,445240,Meat Retailers,976,0.0003741700448687403,-1.386196539564233,9.3
1,445250,Fish and Seafood Retailers,403,8.793945433390756e-05,-0.1513628607548732,42.28
1,445291,Baked Goods Retailers,432,0.0001412595605331033,0.2735718725710589,58.03
1,445292,Confectionery and Nut Retailers,451,0.00013744483534510276,0.3390286967486898,59.94
1,445298,All Other Specialty Food Retailers,747,0.0005499284885306186,-0.24294554593163065,39.22
1,445320,"Beer, Wine, and Liquor Retailers",1336,0.0010573615121097963,-1.3940378899402701,9.2
1,449110,Furniture Retailers,1010,0.0011917316215890822,-0.855193317997867,21.46
1,449121,Floor Covering Retailers,920,0.00043009448976771386,-0.5679250151304137,28.54
1,449122,Window Treatment Retailers,346,8.500240276058985e-05,0.9499187666658009,82.14
1,449129,All Other Home Furnishings Retailers,551,0.0007950403570390032,0.43860361025775396,63.64
1,449210,Electronics and Appliance Retailers,551,0.0023478859114248116,0.003925120162439235,48.31
1,455110,Department Stores,608,0.005864156179002372,0.4984878453590886,67.02
1,455211,Warehouse Clubs and Supercenters,1538,0.009644910235328734,-0.779159798318992,23.26
1,455219,All Other General Merchandise Retailers,2440,0.0035859391960110436,-1.8846851150397865,3.38
1,456110,Pharmacies and Drug Retailers,1545,0.004102670970762776,-1.5598798029859946,6.34
1,456120,"Cosmetics, Beauty Supplies, and Perfume Retailers",505,0.0012052810665425517,0.6689889425236726,74.1
1,456130,Optical Goods Retailers,446,0.0004160402390750802,1.0813979087246068,86.15
1,456191,Food (Health) Supplement Retailers,660,0.00031385149546749844,-0.21328655855717782,40.38
1,456199,All Other Health and Personal Care Retailers,607,0.0004551512110025807,-0.08261093724237603,45.03
1,457110,Gasoline Stations with Convenience Stores,2655,0.005176312467960611,-1.9028084968299255,3.28
1,457120,Other Gasoline Stations,1099,0.0005501120542539509,-1.529480991948198,6.77
1,457210,Fuel Dealers,1311,0.0004299396061886522,-1.5570602301339456,6.45
1,458110,Clothing and Clothing Accessories Retailers,435,0.0050981880433961305,0.8400088992475689,79.6
1,458210,Shoe Retailers,456,0.0010115044998498318,0.655091690713924,73.68
1,458310,Jewelry Retailers,623,0.0008004842280215785,-0.1255449935543858,43.13
1,458320,Luggage and Leather Goods Retailers,245,7.102846207191412e-05,0.34826951901077097,60.25
1,459110,Sporting Goods Retailers,928,0.0017705487658291304,-0.24552884726071725,39.11
1,459120,"Hobby, Toy, and Game Retailers",802,0.0008300555187646504,0.31237403224408966,59.09
1,459130,"Sewing, Needlework, and Piece Goods Retailers",1152,0.00023619745806905703,-0.963965360702851,18.71
1,459140,Musical Instrument and Supplies Retailers,616,0.0002220342152281948,-0.12099465535437304,43.34
1,459210,Book Retailers and News Dealers,663,0.00043000844333490184,0.11332509332643882,51.16
1,459310,Florists,1450,0.00043802223444413006,-1.421505156828311,8.77
1,459410,Office Supplies and Stationery Retailers,689,0.00039592258308362467,-0.021513469373769026,47.46
1,459420,"Gift, Novelty, and Souvenir Retailers",895,0.0008504313140545422,-0.8021833693462141,22.73
1,459510,Used Merchandise Retailers,1094,0.001474181905509039,-0.5520455877798426,29.18
1,459910,Pet and Pet Supplies Retailers,734,0.0008091347627336158,0.22485273776913833,55.29
1,459920,Art Dealers,486,0.0001361025109932349,-0.5271876387376442,30.23
1,459930,Manufactured (Mobile) Home Dealers,710,8.057961611405085e-05,-0.8086428194017898,22.52
1,459991,"Tobacco, Electronic Cigarette, and Other Smoking Supplies Retailers",1246,0.0009561364885497094,-1.1675927333463878,13.85
1,459999,All Other Miscellaneous Retailers,929,0.0012889755635243985,-1.1013392742877766,15.75
1,481111,Scheduled Passenger Air Transportation,75,0.002877989301835536,2.129666171320781,98.73
1,481112,Scheduled Freight Air Transportation,80,8.116473185717275e-05,0.9770168486168506,82.88
1,481211,Nonscheduled Chartered Passenger Air Transportation,248,0.0002607780557090305,0.08279307846185428,50.32
1,481212,Nonscheduled Chartered Freight Air Transportation,100,6.505110320590423e-05,0.9513322645223642,82.24
1,481219,Other Nonscheduled Air Transportation,241,4.816305665932733e-05,0.4141820491168063,62.79
1,482110,Rail transportation,1649,0.0012274867826369128,-1.9616407242263956,2.64
1,483111,Deep Sea Freight Transportation,63,5.968180579843277e-05,1.0682522200232958,85.62
1,483112,Deep Sea Passenger Transportation,25,9.128379235586896e-05,1.2670585169009005,90.27
1,483113,Coastal and Great Lakes Freight Transportation,108,5.529343772501859e-05,0.4803038301397122,66.17
1,483114,Coastal and Great Lakes Passenger Transportation,77,3.561748675533151e-05,0.9103149619938553,81.4
1,483211,Inland Water Freight Transportation,146,0.00013437010947928577,-0.1988784312118131,41.23
1,483212,Inland Water Passenger Transportation,122,2.643920058871363e-05,0.7401774593376375,76.53
1,484110,"General Freight Trucking, Local",1416,0.0021817761410955904,-2.0080340754752317,2.54
1,484121,"General Freight Trucking, Long-Distance, Truckload",1334,0.003824809829926128,-1.8418117156449103,3.7
1,484122,"General Freight Trucking, Long-Distance, Less Than Truckload",540,0.0015908035041136276,-0.06114062375358815,46.09
1,484210,Used Household and Office Goods Moving,468,0.0005710442831426938,0.9967767677311522,83.3
1,484220,"Specialized Freight (except Used Goods) Trucking, Local",1822,0.001393762909402904,-2.0533166435936416,2.33
1,484230,"Specialized Freight (except Used Goods) Trucking, Long-Distance",1045,0.0008005989565986612,-1.8187450931590718,3.91
1,485111,Mixed Mode Transit Systems,49,3.455051098846218e-05,1.7210593122336373,96.72
1,485112,Commuter Rail Systems,12,5.885576004343716e-06,3.161054607651598,100.0
1,485113,Bus and Other Motor Vehicle Transit Systems,198,0.0002233822760089168,1.1884105957897368,88.69
1,485119,Other Urban Transit Systems,38,7.824488957041742e-06,2.3561066272243814,99.58
1,485210,Interurban and Rural Bus Transportation,196,9.212131096857284e-05,0.0422384295216828,49.37
1,485310,Taxi and Ridesharing Services,233,0.0007242413521212545,0.8098230038904648,78.75
1,485320,Limousine Service,193,0.0010103572140790044,2.0104049156025363,98.2
1,485410,School and Employee Bus Transportation,579,0.0011654931960102632,-0.3965700270126577,34.25
1,485510,Charter Bus Industry,319,0.00013560344168292505,0.6109980439831386,72.09
1,485991,Special Needs Transportation,480,0.00045401539808946173,-0.2074174736667168,40.8
1,485999,All Other Transit and Ground Passenger Transportation,362,0.00024357450557547613,0.34425665641223924,60.04
1,486110,Pipeline Transportation of Crude Oil,190,7.201512783482554e-05,-1.51796720366108,7.08
1,486210,Pipeline Transportation of Natural Gas,595,0.00020396446433766584,-1.9045686634226968,3.17
1,486910,Pipeline Transportation of Refined Petroleum Products,206,3.4831596002314856e-05,0.18047645996018172,53.91
1,486990,All Other Pipeline Transportation,47,7.182008925378492e-06,-0.2849272065226701,37.63
1,487110,"Scenic and Sightseeing Transportation, Land",243,6.779311619818132e-05,0.4099118378178446,62.58
1,487210,"Scenic and Sightseeing Transportation, Water",275,0.00011926609230634522,0.37684587419783006,61.73
1,487990,"Scenic and Sightseeing Transportation, Other",146,1.8035332317404134e-05,1.010996456317915,83.62
1,488111,Air Traffic Control,154,1.3721537819093732e-05,1.466301781130549,94.71
1,488119,Other Airport Operations,158,0.0007382956028138881,1.2513584013404035,89.96
1,488190,Other Support Activities for Air Transportation,363,0.0008488193775465299,-0.17765955758166918,41.97
1,488210,Support Activities for Rail Transportation,402,0.00022900971271482438,-0.9179892249714939,19.34
1,488310,Port and Harbor Operations,100,5.9658860083016225e-05,0.49629445977047787,66.81
1,488320,Marine Cargo Handling,132,0.00036393625579296134,0.36722156505340053,60.78
1,488330,Navigational Services to Shipping,170,0.00010642222810193432,0.16892674968930463,53.28
1,488390,Other Support Activities for Water Transportation,182,5.418630695617031e-05,0.5867292550395659,71.04
1,488410,Motor Vehicle Towing,1009,0.0005070085278439717,-0.834122826882589,22.2
1,488490,Other Support Activities for Road Transportation,430,0.00025940704921289197,-0.04183257594650077,46.72
1,488510,Freight Transportation Arrangement,292,0.0016916843419424663,-0.0024273953120020004,47.89
1,488991,Packing and Crating,253,0.00013268359939616972,0.6940445582319035,75.05
1,488999,All Other Support Activities for Transportation,256,9.811587912114514e-05,0.2631739062344416,57.29
1,491110,Postal Service,331,7.475714082710264e-05,-0.3925344813482773,34.36
1,492110,Couriers and Express Delivery Services,443,0.0057600457317286535,0.3296363190955768,59.73
1,492210,Local Messengers and Local Delivery,352,0.0013930171736518664,0.7375417462134265,76.43
1,493110,General Warehousing and Storage,405,0.010130980797855108,0.2494372993580784,56.87
1,493120,Refrigerated Warehousing and Storage,313,0.0004253275173899267,0.23241420097095053,55.92
1,493130,Farm Product Warehousing and Storage,415,6.148878088748566e-05,-1.9357000765935037,3.07
1,493190,Other Warehousing and Storage,353,0.00032010993934736097,-0.09670539879400626,44.19
1,512110,Motion Picture and Video Production,68,0.0016000104724245162,1.070217607628628,85.73
1,512120,Motion Picture and Video Distribution,56,5.1949099703057205e-05,1.5126952769913138,95.35
1,512131,Motion Picture Theaters (except Drive-Ins),822,0.0006876945638915529,-0.4391338935464984,33.19
1,512132,Drive-In Motion Picture Theaters,243,1.4432854997006617e-05,0.45070311279633907,64.48
1,512191,Teleproduction and Other Postproduction Services,123,0.00015195800034606728,0.9008161412066703,81.18
1,512199,Other Motion Picture and Video Industries,109,2.5584472689447342e-05,1.8461599560226867,97.57
1,512230,Music Publishers,129,5.621126634168038e-05,0.6123866397731219,72.2
1,512240,Sound Recording Studios,451,9.005619658108382e-05,-0.3689958966737353,34.99
1,512250,Record Production and Distribution,125,6.628443540954351e-05,0.45763131972000887,65.01
1,512290,Other Sound Recording Industries,203,2.8039664239017624e-05,1.44655141258042,94.19
1,513110,Newspaper Publishers,1375,0.0005357422999743398,-1.8016287468510044,4.02
1,513120,Periodical Publishers,286,0.00039666258240580825,0.1483936185079864,52.54
1,513130,Book Publishers,214,0.0003212973801201672,0.576417697512795,70.61
1,513140,Directory and Mailing List Publishers,150,9.179433452388708e-05,1.2049447532228235,89.22
1,513191,Greeting Card Publishers,39,1.5425257188772174e-05,2.142216677337033,98.94
1,513199,All Other Publishers,167,0.000252919148178864,0.782258508030478,77.8
1,513210,Software Publishers,103,0.0036649699763344774,1.7380347126989364,96.93
1,516110,Radio Broadcasting Stations,989,0.00032076389223673253,-1.0582985061694852,16.81
1,516120,Television Broadcasting Stations,277,0.00040091327618672315,1.0235832587431701,83.93
1,516210,"Media Streaming Distribution Services, Social Networks, and Other Media Networks and Content Providers",138,0.0013790030779612117,0.4404352852873605,63.74
1,517111,Wired Telecommunications Carriers,760,0.0026601426796708603,-1.6004485577965106,5.71
1,517112,Wireless Telecommunications Carriers (except Satellite),521,0.0005006468282447347,-0.7365727875252253,24.84
1,517121,Telecommunications Resellers,346,0.00022910149557649057,-0.3120864156266293,36.89
1,517410,Satellite Telecommunications,125,5.287266474857313e-05,0.563096775011652,69.87
1,517810,All Other Telecommunications,285,0.00028032206881507246,-0.6609969062238549,27.06
1,518210,"Computing Infrastructure Providers, Data Processing, Web Hosting, and Related Services",170,0.0028688741163863133,0.9197039720390676,81.61
1,519210,Libraries and Archives,358,0.00016488791098329022,-0.2982008684642218,37.1
1,519290,Web Search Portals and All Other Information Services,87,0.0009335349588644129,1.0315823259205459,84.36
1,521110,Monetary Authorities-Central Bank,62,0.00012289725177101342,1.0548947550854793,85.1
1,522110,Commercial Banking,1438,0.007939056914116551,-2.4925459862508412,0.53
1,522130,Credit Unions,897,0.0017876662695298729,-0.7292972348807065,25.16
1,522180,Savings Institutions and Other Depository Credit Intermediation,594,0.0005546954609084057,-0.6966408320976507,26.22
1,522210,Credit Card Issuing,51,0.00037897143581965226,1.3997266664599055,93.13
1,522220,Sales Financing,211,0.0004908088527598912,-0.1883891571991587,41.75
1,522291,Consumer Lending,758,0.0005311646297487391,-1.1868553075498283,13.0
1,522292,Real Estate Credit,252,0.0010587095728905184,0.15734662650784073,52.75
1,522299,"International, Secondary Market, and All Other Nondepository Credit Intermediation",605,0.0005201392134910894,-1.1858029643207502,13.21
1,522310,Mortgage and Nonmortgage Loan Brokers,208,0.0005027348883476403,0.8225738375021318,79.07
1,522320,"Financial Transactions Processing, Reserve, and Clearinghouse Activities",148,0.0007484777640299799,1.3725545887051094,92.39
1,522390,Other Activities Related to Credit Intermediation,266,0.0004339378970999851,-0.8797986812117533,20.4
1,523150,Investment Banking and Securities Intermediation,103,0.002638619598610141,1.2596183283848814,90.06
1,523160,Commodity Contracts Intermediation,265,0.00016015535717862786,-1.3110225371993758,10.25
1,523210,Securities and Commodity Exchanges,154,5.358971835534015e-05,-1.0397507303594136,17.44
1,523910,Miscellaneous Intermediation,295,0.0002646099901835935,-0.7561599577345677,24.0
1,523940,Portfolio Management and Investment Advice,141,0.003382244343829522,1.930286006339222,97.89
1,523991,"Trust, Fiduciary, and Custody Activities",250,0.00014582002147214157,0.5527604756378808,69.34
1,523999,Miscellaneous Financial Investment Activities,203,0.00022906707700336574,0.22127288824234276,55.18
1,524113,Direct Life Insurance Carriers,106,0.0013343277700451992,1.3998010617771048,93.23
1,524114,Direct Health and Medical Insurance Carriers,148,0.0028333312032060853,1.6718689060786471,96.3
1,524126,Direct Property and Casualty Insurance Carriers,295,0.002866264041257681,-0.2406411821471333,39.64
1,524127,Direct Title Insurance Carriers,461,0.00036420586794910575,-0.5080105453506509,30.66
1,524128,"Other Direct Insurance (except Life, Health, and Medical) Carriers",162,0.00012899507564296018,0.7587919318714434,77.17
1,524130,Reinsurance Carriers,83,0.00019789532260998976,1.402219012558028,93.34
1,524210,Insurance Agencies and Brokerages,755,0.007924497857684752,-1.6437474732382629,5.39
1,524291,Claims Adjusting,443,0.00043775262228798565,-0.9772389700777484,18.5
1,524292,Pharmacy Benefit Management and Other Third Party Administration of Insurance and Pension Funds,204,0.0013632336350411914,1.300783783457226,91.01
1,524298,All Other Insurance Related Activities,253,0.0006444476267602204,0.37206180139100486,61.21
1,525110,Pension Funds,142,2.938198859088549e-05,1.5591994320032405,95.56
1,525120,Health and Welfare Funds,128,3.0397336498067594e-05,1.9634834001408927,98.1
1,525190,Other Insurance Funds,111,1.4358281421902846e-05,1.463463625270192,94.5
1,525910,Open-End Investment Funds,124,2.26761032604003e-05,1.5767313390789346,95.67
1,525920,"Trusts, Estates, and Agency Accounts",273,2.536075196413603e-05,0.17208803454617372,53.49
1,525990,Other Financial Vehicles,152,6.75521861863076e-05,1.1363099189200165,86.89
1,531110,Lessors of Residential Buildings and Dwellings,568,0.0030424871356567445,-0.5308465902272477,29.92
1,531120,Lessors of Nonresidential Buildings (except Miniwarehouses),450,0.0014063314250223164,-0.18245745677915662,41.86
1,531130,Lessors of Miniwarehouses and Self-Storage Units,842,0.0006408336765821145,-0.5143783005877303,30.55
1,531190,Lessors of Other Real Estate Property,1005,0.0003864402661877376,-1.221060606980596,12.37
1,531210,Offices of Real Estate Agents and Brokers,633,0.0031964127310997806,-0.3540259603522906,35.41
1,531311,Residential Property Managers,368,0.0033077510787297097,0.6939038973266869,74.95
1,531312,Nonresidential Property Managers,266,0.0010609525165724855,1.0304914676526442,84.25
1,531320,Offices of Real Estate Appraisers,734,0.00018094417534601738,-0.5469352264850417,29.28
1,531390,Other Activities Related to Real Estate,393,0.0007364025812920232,-0.03650272162862942,46.83
1,532111,Passenger Car Rental,299,0.0006368009670976568,1.1925005579935002,88.79
1,532112,Passenger Car Leasing,104,6.874536338796792e-05,1.691852006441348,96.51
1,532120,"Truck, Utility Trailer, and RV (Recreational Vehicle) Rental and Leasing",437,0.0005488844584791658,0.6435045990892239,73.26
1,532210,Consumer Electronics and Appliances Rental,483,5.424367124471167e-05,-0.39114468219531023,34.46
1,532281,Formal Wear and Costume Rental,222,3.064973936764958e-05,0.9104149764989128,81.5
1,532282,Video Tape and Disc Rental,212,1.643486866710014e-05,0.3903415653125887,62.16
1,532283,Home Health Equipment Rental,637,0.00019034044580909244,-0.27558428131978585,37.95
1,532284,Recreational Goods Rental,545,0.00012200810529862231,-0.8981222429855228,19.98
1,532289,All Other Consumer Goods Rental,784,0.00036999392466292917,-0.4793556714917735,31.61
1,532310,General Rental Centers,721,0.0001836288240497531,-0.5887882712050516,28.12
1,532411,"Commercial Air, Rail, and Water Transportation Equipment Rental and Leasing",195,3.085625080639849e-05,0.5783922297767986,70.82
1,532412,"Construction, Mining, and Forestry Machinery and Equipment Rental and Leasing",555,0.0005695241294963477,-0.5690111014649888,28.44
1,532420,Office Machinery and Equipment Rental and Leasing,170,6.341622098247542e-05,1.4040479610210128,93.45
1,532490,Other Commercial and Industrial Machinery and Equipment Rental and Leasing,442,0.0004894665284080233,-0.352992131959233,35.52
1,533110,Lessors of Nonfinancial Intangible Assets (except Copyrighted Works),208,0.00012874267277337818,0.6322075195692062,72.83
1,541110,Offices of Lawyers,205,0.0073809941694707665,1.176175591015347,88.05
1,541191,Title Abstract and Settlement Offices,1099,0.0003725007440721867,-1.2843475713057804,11.1
1,541199,All Other Legal Services,245,0.00026311278225266393,0.6417483888454064,73.15
1,541211,Offices of Certified Public Accountants,392,0.0031894085514688805,-0.718858360263132,25.48
1,541213,Tax Preparation Services,1103,0.0008343119489744195,-1.2362984564735136,11.63
1,541214,Payroll Services,240,0.001341268848958704,-0.045946236282263936,46.51
1,541219,Other Accounting Services,903,0.0023242059331149375,-1.2903763251081608,10.99
1,541310,Architectural Services,258,0.0012853902954905634,1.4442789148412838,93.97
1,541320,Landscape Architectural Services,867,0.00030039383337569493,-1.0256667471711483,17.86
1,541330,Engineering Services,328,0.006933116750255231,0.9050002679573188,81.29
1,541340,Drafting Services,840,9.986548992165668e-05,-0.8442966239218773,21.78
1,541350,Building Inspection Services,794,0.00021151360470970904,-0.7843861522280325,22.94
1,541360,Geophysical Surveying and Mapping Services,530,8.753216788526389e-05,-1.2931693014549899,10.89
1,541370,Surveying and Mapping (except Geophysical) Services,1013,0.0003449773584300413,-1.1280843697532,15.12
1,541380,Testing Laboratories and Services,445,0.0010257709984100684,-0.1323135935689598,42.81
1,541410,Interior Design Services,444,0.0006578249788480659,0.13147708167346395,52.11
1,541420,Industrial Design Services,258,0.00015030590883607605,0.6028624453904156,71.46
1,541430,Graphic Design Services,613,0.0007314520431909037,-0.24273634153472257,39.32
1,541490,Other Specialized Design Services,251,0.00017941828527081715,0.8612672471641268,79.81
1,541511,Custom Computer Programming Services,154,0.006651750651388706,1.6827200758934786,96.41
1,541512,Computer Systems Design Services,179,0.006919900018175301,1.343434257987662,91.97
1,541513,Computer Facilities Management Services,244,0.0004922372235445711,0.692846595160891,74.84
1,541519,Other Computer Related Services,274,0.0008533110013393185,0.5742086429721116,70.51
1,541611,Administrative Management and General Management Consulting Services,215,0.005762139528260413,0.604861950204615,71.67
1,541612,Human Resources Consulting Services,250,0.0006209167956005538,0.4724224656220968,65.96
1,541613,Marketing Consulting Services,223,0.0022947206888046775,1.1110263195475643,86.68
1,541614,"Process, Physical Distribution, and Logistics Consulting Services",324,0.001026556889163085,0.4641071269886754,65.43
1,541618,Other Management Consulting Services,287,0.0008567528586518002,0.07694478287554772,50.21
1,541620,Environmental Consulting Services,497,0.0006936145584690215,-0.016446458449734927,47.57
1,541690,Other Scientific and Technical Consulting Services,551,0.0015339210755960133,-1.2302017698179961,11.95
1,541713,Research and Development in Nanotechnology,116,0.00014022126691050466,1.4650024681685143,94.61
1,541714,Research and Development in Biotechnology (except Nanobiotechnology),93,0.0016677691700495727,1.7182327819355574,96.62
1,541715,"Research and Development in the Physical, Engineering, and Life Sciences (except Nanotechnology and Biotechnology)",199,0.0031980935047540423,0.9551485065685157,82.45
1,541720,Research and Development in the Social Sciences and Humanities,186,0.00040430924206837174,0.6730718082886266,74.31
1,541810,Advertising Agencies,124,0.001382760438860671,1.6607031044589067,96.09
1,541820,Public Relations Agencies,143,0.0004682704237919901,1.0240718196348486,84.04
1,541830,Media Buying Agencies,62,0.0001123651683948194,1.4447213512263803,94.08
1,541840,Media Representatives,197,0.00011993151805342502,0.8082894908386906,78.65
1,541850,Indoor and Outdoor Display Advertising,281,0.00020114214134143085,0.5383472001267704,68.71
1,541860,Direct Mail Advertising,188,0.00020932228888742902,1.6356501186390058,95.88
1,541870,Advertising Material Distribution Services,259,0.00010976082969504157,0.7459226254341315,76.64
1,541890,Other Services Related to Advertising,221,0.0006124326173252864,0.3818728521090332,61.95
1,541910,Marketing Research and Public Opinion Polling,173,0.00043618657721080647,1.1937344244408,88.9
1,541921,"Photography Studios, Portrait",786,0.0003334872914352065,-0.706934666552992,25.9
1,541922,Commercial Photography,457,0.00011414919776845575,0.07436733708276864,50.11
1,541930,Translation and Interpretation Services,176,0.00026813789392888724,0.6966033343365057,75.37
1,541940,Veterinary Services,1553,0.002794512789150146,-1.3322481677708786,9.73
1,541990,"All Other Professional, Scientific, and Technical Services",496,0.0020156032700489736,-0.4363294105257696,33.51
1,551111,Offices of Bank Holding Companies,239,4.889158312380262e-05,-0.12514479495044123,43.23
1,551112,Offices of Other Holding Companies,385,0.0005101922458580172,-0.13349470443579822,42.71
1,551114,"Corporate, Subsidiary, and Regional Managing Offices",329,0.014434753754957336,0.7106854666724731,75.69
1,561110,Office Administrative Services,414,0.003742113471564901,-0.2727063071080953,38.16
1,561210,Facilities Support Services,450,0.0010327350230389897,-0.440953297581825,32.88
1,561311,Employment Placement Agencies,290,0.001460907809140568,0.18247831828655542,54.02
1,561312,Executive Search Services,255,0.000250813878789396,0.05412009465751554,49.58
1,561320,Temporary Help Services,404,0.015046291489381377,0.3493947784290215,60.36
1,561330,Professional Employer Organizations,283,0.0024453593105142938,-0.36509498339719637,35.1
1,561410,Document Preparation Services,566,0.000371841054753961,-1.1672067457773652,13.95
1,561421,Telephone Answering Services,319,0.00021775483930300922,0.20643816724915268,54.76
1,561422,Telemarketing Bureaus and Other Contact Centers,310,0.0018811643234234383,0.3154232183084029,59.41
1,561431,Private Mail Centers,535,0.0002213515801945526,0.3073733542028704,58.99
1,561439,Other Business Service Centers (including Copy Shops),254,0.0002545138754003138,0.8234772222987666,79.39
1,561440,Collection Agencies,324,0.0005202654149258804,0.5736221579084005,70.4
1,561450,Credit Bureaus,124,0.00012907538564691808,0.23061263890955058,55.71
1,561491,Repossession Services,348,5.697994780813463e-05,0.21808177272395,54.97
1,561492,Court Reporting and Stenotype Services,760,0.00013077336858774238,-1.1847242617121785,13.42
1,561499,All Other Business Support Services,312,0.0005948045714565259,0.2605655856787867,57.19
1,561510,Travel Agencies,254,0.0005889419411675987,0.2905739765203875,58.56
1,561520,Tour Operators,279,0.00016176729368664014,0.44879394595602073,64.38
1,561591,Convention and Visitors Bureaus,471,6.087498300009309e-05,0.016841367319526963,48.63
1,561599,All Other Travel Arrangement and Reservation Services,162,0.000463589497847015,1.0772475862368789,86.05
1,561611,Investigation and Personal Background Check Services,331,0.0002763295143325937,0.2864778756546998,58.46
1,561612,Security Guards and Patrol Services,240,0.004729175048067258,1.1572400142612225,87.74
1,561613,Armored Car Services,211,0.00015191210891523418,2.21670730458278,99.37
1,561621,Security Systems Services (except Locksmiths),354,0.0008628506825237469,0.7578682628259494,77.06
1,561622,Locksmiths,561,0.00013785785822260056,0.21970771675919584,55.07
1,561710,Exterminating and Pest Control Services,801,0.0009074399440069474,-0.5884668227642655,28.22
1,561720,Janitorial Services,691,0.008227128898313561,-0.3988991876537965,34.14
1,561730,Landscaping Services,1394,0.007371448751857484,-1.2020043505739024,12.58
1,561740,Carpet and Upholstery Cleaning Services,704,0.00026882626539138357,-0.34858113138810154,35.62
1,561790,Other Services to Buildings and Dwellings,746,0.0009315214723366111,-0.716026131866302,25.58
1,561910,Packaging and Labeling Services,287,0.0003729195033785386,0.5557485563215359,69.56
1,561920,Convention and Trade Show Organizers,193,0.0003437210805109855,1.364758879005354,92.18
1,561990,All Other Support Services,541,0.0012552338890043696,-0.41943125619478405,33.72
1,562111,Solid Waste Collection,1105,0.0011261929219305764,-1.0970797443288784,15.86
1,562112,Hazardous Waste Collection,201,7.784907597948203e-05,0.5849685470969508,70.93
1,562119,Other Waste Collection,468,0.0001104147825844131,-0.3428755930958066,35.94
1,562211,Hazardous Waste Treatment and Disposal,241,0.0002540377518054205,-0.06561476876258795,45.98
1,562212,Solid Waste Landfill,529,0.00023121250139481267,-0.6990744930151975,26.0
1,562213,Solid Waste Combustors and Incinerators,98,2.7213618484022015e-05,1.7708514033769185,97.25
1,562219,Other Nonhazardous Waste Treatment and Disposal,362,0.00012382655324538348,-0.07664881246990818,45.56
1,562910,Remediation Services,523,0.0005952405400494402,-0.021904206611216396,47.25
1,562920,Materials Recovery Facilities,405,0.00015447629261303305,-0.05651940140452191,46.3
1,562991,Septic Tank and Related Services,1051,0.00022443777891807784,-1.0547485135948973,17.02
1,562998,All Other Miscellaneous Waste Management Services,439,0.0001476958337074441,0.011209004678760981,48.41
1,611110,Elementary and Secondary Schools,725,0.007510207229410184,-0.7318793395474404,24.95
1,611210,Junior Colleges,582,0.00018481626482255928,-1.5819105145172394,6.13
1,611310,"Colleges, Universities, and Professional Schools",391,0.011069426139818662,-0.2415124797626264,39.43
1,611410,Business and Secretarial Schools,98,2.085765531363913e-05,1.4625723754736344,94.4
1,611420,Computer Training,187,0.0001162487307290696,1.1856887386951256,88.48
1,611430,Professional and Management Development Training,331,0.0003324489978126079,0.4685456506771934,65.54
1,611511,Cosmetology and Barber Schools,346,0.00011027710829191384,1.0883969443340262,86.36
1,611512,Flight Training,239,0.0001611076043684145,0.8691532385376985,80.02
1,611513,Apprenticeship Training,279,9.654983404396596e-05,1.1738977612098027,87.95
1,611519,Other Technical and Trade Schools,353,0.0003749616720506111,0.31398045449797846,59.2
1,611610,Fine Arts Schools,584,0.0010036054373176863,0.17683489583454257,53.81
1,611620,Sports and Recreation Instruction,550,0.0014193990099520386,0.5363585283894643,68.5
1,611630,Language Schools,160,0.00012181880314643581,2.0315142553214063,98.52
1,611691,Exam Preparation and Tutoring,257,0.0007684405364423737,1.0399962926799915,84.67
1,611692,Automobile Driving Schools,517,0.00015121800102388372,0.453002449384908,64.59
1,611699,All Other Miscellaneous Schools and Instruction,495,0.0006326994204669495,0.2673865014405453,57.72
1,611710,Educational Support Services,337,0.0014155728119063299,0.183148742484294,54.12
1,621111,Offices of Physicians (except Mental Health Specialists),754,0.016814717776534475,0.038188217008304805,49.26
1,621112,"Offices of Physicians, Mental Health Specialists",491,0.0005651472342806419,0.2019662730911855,54.55
1,621210,Offices of Dentists,890,0.006299241361873184,-0.22246631119953172,39.96
1,621310,Offices of Chiropractors,1368,0.0009636971017794608,-1.1214349081722264,15.43
1,621320,Offices of Optometrists,1406,0.0009382961948133459,-1.294175348476743,10.68
1,621330,Offices of Mental Health Practitioners (except Physicians),482,0.0017361416655620216,0.37095869976836066,60.99
1,621340,"Offices of Physical, Occupational and Speech Therapists, and Audiologists",823,0.0029580239572084437,-0.585447588569116,28.33
1,621391,Offices of Podiatrists,578,0.00019399455098917718,0.4865773704208055,66.38
1,621399,Offices of All Other Miscellaneous Health Practitioners,664,0.0012071626152067084,-0.4525604082611357,32.45
1,621410,Family Planning Centers,443,0.00021004507892305018,0.20463770926588817,54.65
1,621420,Outpatient Mental Health and Substance Abuse Centers,958,0.0019494966639339085,-0.783311470367661,23.04
1,621491,HMO Medical Centers,104,0.001292658350848754,1.4980497749173307,95.14
1,621492,Kidney Dialysis Centers,847,0.000813058480069845,-0.7375659200793778,24.74
1,621493,Freestanding Ambulatory Surgical and Emergency Centers,572,0.0011095228596804565,0.2412828727691878,56.55
1,621498,All Other Outpatient Care Centers,613,0.0016112194544054981,-0.6622592551598008,26.96
1,621511,Medical Laboratories,305,0.0013515714751807324,0.422715291434793,63.0
1,621512,Diagnostic Imaging Centers,337,0.0005181658819652666,0.5586046922907095,69.66
1,621610,Home Health Care Services,568,0.010472017229662357,-0.8518557060608009,21.56
1,621910,Ambulance Services,1123,0.0010670618133021407,-1.1852741634256172,13.32
1,621991,Blood and Organ Banks,317,0.0005263632387978272,1.3849561931580305,92.92
1,621999,All Other Miscellaneous Ambulatory Health Care Services,524,0.0007151892673894276,-0.9612450692062995,18.82
1,622110,General Medical and Surgical Hospitals,996,0.029364022095714336,-0.7828702563582329,23.15
1,622210,Psychiatric and Substance Abuse Hospitals,317,0.00076710394851936,0.823151544248367,79.28
1,622310,Specialty (except Psychiatric and Substance Abuse) Hospitals,260,0.0015882221111292662,1.0753767959609382,85.94
1,623110,Nursing Care Facilities (Skilled Nursing Facilities),1899,0.00875019369052026,-1.747360844711301,4.76
1,623210,Residential Intellectual and Developmental Disability Facilities,892,0.0023777956514702777,-0.8098079514565315,22.41
1,623220,Residential Mental Health and Substance Abuse Facilities,654,0.0015308234040147797,-0.27809010893940694,37.84
1,623311,Continuing Care Retirement Communities,771,0.0028206823775827152,-0.34584081498796126,35.73
1,623312,Assisted Living Facilities for the Elderly,1004,0.0029202897282059356,-0.7256923230879461,25.37
1,623990,Other Residential Care Facilities,609,0.0009641330703723752,-0.4106161041038251,33.93
1,624110,Child and Youth Services,640,0.0014837215866934676,-0.20988839085943342,40.49
1,624120,Services for the Elderly and Persons with Disabilities,655,0.01464390395097914,-1.2236601909561637,12.05
1,624190,Other Individual and Family Services,785,0.0033955184401979932,-0.6597637665098239,27.17
1,624210,Community Food Services,661,0.0002997857719171565,-0.5550855230048634,28.86
1,624221,Temporary Shelters,577,0.0005551887937898614,0.17650871633600712,53.7
1,624229,Other Community Housing Services,396,0.00029100329934147404,0.376176243159762,61.52
1,624230,Emergency and Other Relief Services,273,0.0002196077058228952,0.8126342105546054,78.96
1,624310,Vocational Rehabilitation Services,934,0.0016834296208213643,-0.7629667760689411,23.57
1,624410,Child Care Services,1436,0.0071765822636824786,-1.5093047166944833,7.29
1,711110,Theater Companies and Dinner Theaters,323,0.00048678187970428754,0.44864262203738314,64.27
1,711120,Dance Companies,258,0.00010648532881932982,1.0652811710134933,85.52
1,711130,Musical Groups and Artists,373,0.00036222106356557465,0.02391759888992434,48.84
1,711190,Other Performing Arts Companies,200,6.702443473172707e-05,0.7520799332861657,76.85
1,711211,Sports Teams and Clubs,171,0.0007022134653213716,2.136123991154711,98.84
1,711212,Racetracks,274,0.0001512811017412792,-0.09011988774783215,44.5
1,711219,Other Spectator Sports,427,0.00018964633791774196,-0.7476342280131338,24.31
1,711310,"Promoters of Performing Arts, Sports, and Similar Events with Facilities",282,0.0008386027977573133,0.6782362195504351,74.52
1,711320,"Promoters of Performing Arts, Sports, and Similar Events without Facilities",307,0.0002955981788536371,-0.0428906260326031,46.62
1,711410,"Agents and Managers for Artists, Athletes, Entertainers, and Other Public Figures",141,0.00021285019263272279,-0.37316681431993604,34.88
1,711510,"Independent Artists, Writers, and Performers",644,0.002100921176396541,-0.5334998241024461,29.6
1,712110,Museums,527,0.0006092718450266573,-0.32625873776076386,36.36
1,712120,Historical Sites,271,9.025123516212445e-05,0.23746637337680807,56.34
1,712130,Zoos and Botanical Gardens,242,0.00028390160042005344,0.9549024356196163,82.35
1,712190,Nature Parks and Other Similar Institutions,392,8.503108490486052e-05,0.08804212456944273,50.42
1,713110,Amusement and Theme Parks,137,0.0012151649334582284,0.18444798722201725,54.23
1,713120,Amusement Arcades,463,0.00021516197346093966,0.2504626220907136,56.98
1,713210,Casinos (except Casino Hotels),151,0.00037803066148757393,0.3142276669215571,59.3
1,713290,Other Gambling Industries,498,0.000413458846090719,-1.139759489679293,14.9
1,713910,Golf Courses and Country Clubs,1145,0.0025758573305170373,-1.1590475667081654,14.59
1,713920,Skiing Facilities,214,0.00025410658895167013,-0.13220939124321332,42.92
1,713930,Marinas,553,0.00028050563453840485,-0.5289929253186142,30.02
1,713940,Fitness and Recreational Sports Centers,558,0.004140089696178306,0.49822899998546755,66.91
1,713950,Bowling Centers,886,0.00040616210858825775,-0.4592036511618043,32.03
1,713990,All Other Amusement and Recreation Industries,794,0.0016705513380438288,-0.4615210912896177,31.92
1,721110,Hotels (except Casino Hotels) and Motels,836,0.00900744957891285,-1.1224771492398689,15.33
1,721120,Casino Hotels,87,0.0014720422175464464,0.2345760107904007,56.13
1,721191,Bed-and-Breakfast Inns,581,9.07503044724343e-05,-0.7279131242536878,25.26
1,721199,All Other Traveler Accommodation,560,0.00011559477783969807,-0.9646609292654563,18.6
1,721211,RV (Recreational Vehicle) Parks and Campgrounds,1130,0.0002266176218826496,-1.4939637291583026,7.82
1,721214,Recreational and Vacation Camps (except Campgrounds),797,0.00023519931944843733,-1.404464331381273,9.09
1,721310,"Rooming and Boarding Houses, Dormitories, and Workers' Camps",708,8.733712930422326e-05,-1.0611041280108995,16.6
1,722310,Food Service Contractors,692,0.003730147280975173,-0.44710759260091976,32.66
1,722320,Caterers,534,0.0013421063675714078,-0.03328340393640232,46.93
1,722330,Mobile Food Services,1019,0.0005052818627588767,-1.1617415617726967,14.06
1,722410,Drinking Places (Alcoholic Beverages),1152,0.0024681902973537556,-1.234987688778931,11.73
1,722511,Full-Service Restaurants,912,0.03104496784284186,-0.11821215418462087,43.55
1,722513,Limited-Service Restaurants,1623,0.026842242080005237,-1.0562979461925175,16.91
1,722514,"Cafeterias, Grill Buffets, and Buffets",839,0.0004800702579449482,-0.8703771703651132,20.51
1,722515,Snack and Nonalcoholic Beverage Bars,840,0.005520354788487428,-0.2015615517553304,41.12
1,811111,General Automotive Repair,2201,0.00299865508278229,-1.7686688979134833,4.44
1,811114,Specialized Automotive Repair,1237,0.00035364510242864107,-1.1597790752585762,14.38
1,811121,"Automotive Body, Paint, and Interior Repair and Maintenance",1660,0.0017138441666059944,-1.4214211504257626,8.88
1,811122,Automotive Glass Replacement Shops,1002,0.00027280734701615406,-0.859191682083074,20.93
1,811191,Automotive Oil Change and Lubrication Shops,1223,0.0005211488249694174,-1.0334367547464562,17.55
1,811192,Car Washes,896,0.0013044696578594203,-0.7307278669424285,25.05
1,811198,All Other Automotive Repair and Maintenance,943,0.00026073216427819745,-1.1866070094717254,13.11
1,811210,Electronic and Precision Equipment Repair and Maintenance,470,0.0006934539384611057,-0.1715897542200676,42.07
1,811310,Commercial and Industrial Machinery and Equipment (except Automotive and Electronic) Repair and Maintenance,1636,0.0016680617279211335,-1.95740160817246,2.85
1,811411,Home and Garden Equipment Repair and Maintenance,1172,5.801250500187914e-05,-1.2600673840308638,11.42
1,811412,Appliance Repair and Maintenance,971,0.00020095857561809848,-1.1921757436648304,12.9
1,811420,Reupholstery and Furniture Repair,847,0.00011954144089134375,-0.9403283803796009,18.92
1,811430,Footwear and Leather Goods Repair,302,1.7541999435948423e-05,-0.3200446530796645,36.47
1,811490,Other Personal and Household Goods Repair and Maintenance,1403,0.0004918069913805108,-1.4420770264044316,8.56
1,812111,Barber Shops,896,0.0005631509570394025,-0.7582761846351059,23.89
1,812112,Beauty Salons,1354,0.004520988572092949,-1.1552073387319695,14.69
1,812113,Nail Salons,425,0.0015451128482904329,0.5436485484971415,69.03
1,812191,Diet and Weight Reducing Centers,578,0.00011715508648802311,-0.33830045852628804,36.05
1,812199,Other Personal Care Services,617,0.0015466444747944874,0.13065316424196272,52.01
1,812210,Funeral Homes and Funeral Services,1987,0.0006510559928001852,-1.6436562489138193,5.5
1,812220,Cemeteries and Crematories,834,0.00019502710818292167,-0.5277511534413846,30.13
1,812310,Coin-Operated Laundries and Drycleaners,805,0.00025949883207455817,-0.7588003637865817,23.78
1,812320,Drycleaning and Laundry Services (except Coin-Operated),621,0.0005776297034672421,-0.2071175556998781,40.91
1,812331,Linen Supply,327,0.00038774817196648065,1.0358935532450817,84.57
1,812332,Industrial Launderers,355,0.0003947523515973809,1.0119521665302522,83.72
1,812910,Pet Care (except Veterinary) Services,935,0.0013117606589330274,-0.24723331060310674,38.9
1,812921,Photofinishing Laboratories (except One-Hour),116,3.446446455565014e-05,1.2975986332426714,90.91
1,812922,One-Hour Photofinishing,126,3.843407332271237e-06,2.075538720980557,98.63
1,812990,All Other Personal Services,916,0.0013022037684620367,-0.9983064401648203,18.29
1,813110,Religious Organizations,1885,0.008981302936195697,-1.5742871710188566,6.24
1,813211,Grantmaking Foundations,319,0.00046193740633702375,0.42613287118741455,63.21
1,813212,Voluntary Health Organizations,179,0.0002331514143475107,1.497166527145633,95.03
1,813219,Other Grantmaking and Giving Services,352,0.00026497712163025823,0.6763474661321398,74.42
1,813311,Human Rights Organizations,322,0.00033828868238611854,0.6059518289590171,71.88
1,813312,"Environment, Conservation and Wildlife Organizations",644,0.0004726415825788419,-0.45775731779010254,32.35
1,813319,Other Social Advocacy Organizations,585,0.0007504109405538237,-0.8269412273251251,22.3
1,813410,Civic and Social Organizations,964,0.0020922190138248165,-0.708216814466662,25.79
1,813910,Business Associations,786,0.0006874306881642627,-1.543144935637968,6.55
1,813920,Professional Organizations,166,0.000519152547728178,1.2811846444274502,90.7
1,813930,Labor Unions and Similar Labor Organizations,540,0.0006159088932108928,0.0035112734844534917,48.2
1,813940,Political Organizations,157,8.93563522608792e-05,0.9781717306687456,82.98
1,813990,"Other Similar Organizations (except Business, Professional, Labor, and Political Organizations)",430,0.0006280701223816615,-0.31358847489593666,36.68
1,814110,Private Households,723,0.008751438495581607,-1.2229142133010886,12.26
1,901149,US Postal Service,2114,0.003474549220521427,-2.070482384208584,2.22
1,901199,"Federal Government, Civilian, Excluding Postal Service",550,0.014489852154101314,-0.8039676047311246,22.62
1,901200,"Federal Government, Military",605,0.010626585305137057,-1.8372219739723665,3.81
1,902611,Elementary and Secondary Schools (State Government),122,0.0003655080372989947,0.03024564252463736,48.94
1,902612,"Colleges, Universities, and Professional Schools (State Government)",485,0.015409000149399553,-0.11188745649388165,43.87
1,902619,All Other Schools and Educational Support Services (State Government),207,8.734860216193154e-05,-0.935799604095025,19.13
1,902622,Hospitals (State Government),171,0.0025527624679502854,0.44168597562307665,63.85
1,902999,"State Government, Excluding Education and Hospitals",1304,0.013372200774734546,-1.720341245286761,5.07
1,903611,Elementary and Secondary Schools (Local Government),2626,0.042492688519875386,-1.8837323787149503,3.49
1,903612,"Colleges, Universities, and Professional Schools (Local Government)",444,0.003654661613683595,-0.08497110205082209,44.93
1,903619,All Other Schools and Educational Support Services (Local Government),308,0.0003500999893967849,-0.626873315979566,27.7
1,903622,Hospitals (Local Government),689,0.004005318036679231,-2.1254228118667213,2.01
1,903999,"Local Government, Excluding Education and Hospitals",2437,0.03422234136657476,-2.017799330721138,2.43
1,999999,Unclassified Industry,481,0.0013379474566521591,-0.6958173547970223,26.32
