geo_aggregation_level,geoid,name,industrial_diversity,economic_complexity_index,economic_complexity_percentile_score,strategic_index,strategic_index_percentile
5,1,"Montgomery, AL",216,0.5809124850306373,75.68,-1.6882064124741432,65.65
5,2,"Mobile, AL",297,0.36202395274825755,69.73,9.868570497964066,96.26
5,3,"Dothan, AL",210,-0.33069781105474133,41.16,1.4074591409961565,77.72
5,4,"Tuscaloosa, AL",197,-0.30250763167273226,43.71,-0.2376333990964855,73.13
5,5,"Birmingham, AL",297,0.5683569919400017,74.83,9.248739763097246,95.58
5,6,"Anniston--Oxford, AL",226,-0.1424131039783891,50.34,3.4553910610936915,84.69
5,7,"Columbus, GA-AL",212,0.3661150677925716,70.07,-1.99054109959346,63.44
5,8,"Gadsden, AL",229,-0.37188975053821277,39.12,5.729514673124161,89.46
5,9,"Meridian, MS",167,-0.738405622841532,23.3,-3.6589242457125044,53.91
5,10,"Huntsville, AL",233,0.6634265078953194,77.89,-1.673067729794847,65.82
5,11,"Andalusia, AL",183,-0.9214708427107137,17.69,0.8991622333754781,76.36
5,12,"Hamilton, AL",125,-0.9097916484184457,17.86,-10.010899959910278,11.73
5,565,"Akutan, AK",33,-0.2485568489453671,45.58,-5.962192639380875,37.93
5,566,"Unalaska, AK",45,0.7804086248346739,80.27,-4.687641375336437,48.47
5,567,"Anchorage, AK",235,1.022805635610712,84.18,-5.457600032247191,42.52
5,568,"Bethel, AK",60,0.5928471419180105,76.02,-5.174665941885263,45.24
5,569,"Kenai, AK",192,0.22447667608672403,64.12,-4.972463293367683,46.26
5,570,"Fairbanks, AK",165,0.14581609683267008,60.88,-6.859826268582605,33.84
5,571,"Dillingham, AK",49,0.21872980461003128,63.44,-5.696818428375679,40.65
5,572,"Haines, AK",98,0.2900844208855377,66.67,-10.473383285611176,8.33
5,573,"Juneau, AK",140,1.2900625886489778,89.29,-7.419697756329567,30.95
5,574,"Ketchikan, AK",116,0.5081856497933709,73.3,-9.09993902748946,17.69
5,575,"Kodiak--Mill Bay, AK",103,0.5180374721224984,73.64,-9.322519701631204,15.31
5,576,"Hooper Bay, AK",33,-0.22528806337013588,46.6,-5.254190640196852,44.22
5,577,"Nome, AK",65,-0.06645421980885217,53.4,-8.174497118438918,25.85
5,578,"Utqiaġvik, AK",51,-0.08354678706862197,52.89,-4.712487562043849,47.96
5,579,"Kotzebue, AK",39,0.3822530613288931,70.41,-4.3108544558981805,50.17
5,580,"Petersburg, AK",89,0.2434846805320139,64.8,-9.847149754182002,12.41
5,581,"Metlakatla, AK",69,0.2871808917724703,66.5,-8.254519533216314,25.17
5,582,"Sitka, AK",119,1.10553864497505,86.22,-8.091419233810477,26.7
5,583,"Skagway, AK",72,0.8676101670907731,81.97,-7.447690243811447,30.78
5,584,"Wrangell, AK",61,0.5771152485189209,75.17,-6.3455263630875915,35.71
5,13,"Gallup, NM",132,-0.6263077975278936,27.89,-8.909686953698449,19.56
5,14,"Tucson, AZ",215,1.1791671048045542,87.24,-7.941179020963158,27.89
5,15,"Prescott--Prescott Valley, AZ",227,0.5694718456066298,75.0,-5.873652795734692,39.12
5,16,"Phoenix--Mesa--Scottsdale, AZ",316,2.150502320131528,96.43,-21.24698197622469,2.38
5,17,"Safford, AZ",130,-0.9691884735649375,15.99,-8.39829879952905,24.66
5,18,"Los Angeles--Long Beach--Anaheim, CA",354,2.724454335165013,98.81,-37.41086472011772,0.34
5,19,"Yuma, AZ-CA",152,-0.30926349544464643,42.69,-5.420023299141293,42.86
5,20,"Helena-West Helena, AR",144,-1.0744303802231687,13.1,-4.986744172750121,46.09
5,21,"Pine Bluff, AR",169,-1.0073889729001149,15.14,-2.042210318003551,62.41
5,22,"Mountain Home, AR",172,-0.09663089926360904,52.21,-7.738113250227526,29.42
5,23,"Fayetteville--Springdale--Rogers, AR-MO",238,0.7928885485764302,80.78,-2.881350498322752,57.82
5,24,"Harrison, AR",174,-0.5094485109730672,34.01,-3.2575008559492042,55.95
5,25,"El Dorado, AR",153,-0.7333458696173407,23.64,-5.737633004682925,40.14
5,26,"Hot Springs, AR",209,-0.44139075669982003,37.41,1.5536245507942168,78.4
5,27,"Jonesboro, AR",205,-0.4330550290384819,37.59,1.8413342534282364,79.42
5,28,"Heber Springs, AR",157,-0.39216059490930383,38.78,-6.260707565683594,36.22
5,29,"Magnolia, AR",113,-1.0013358314020584,15.31,-10.47131276688448,8.5
5,30,"Little Rock, AR",256,0.5813629800064826,75.85,1.260187481463468,77.04
5,31,"Fort Smith, AR-OK",231,-0.09335169339749655,52.38,3.6249347609156,85.03
5,32,"Memphis, TN-MS-AR",270,1.4621455294469488,91.84,-4.65973862812057,48.64
5,33,"Batesville, AR",160,-0.561001112368957,31.12,-5.6556800922772075,40.82
5,34,"Searcy, AR",172,-0.7568505649524335,22.79,-2.3612963391422466,60.54
5,35,"Russellville, AR",173,-0.6076478780410871,28.74,-3.444666669812328,55.44
5,36,"Texarkana, TX-AR",207,-0.459688396602921,36.39,3.288212508966441,84.01
5,37,"Blytheville, AR",124,-0.7630066301315176,22.45,-7.676044048941892,29.76
5,38,"De Queen, AR",150,-0.8350141833820317,20.24,-6.7826271096266435,34.35
5,39,"San Francisco--Oakland, CA",293,3.2658278484352685,99.66,-36.20719994868606,0.51
5,40,"Reno, NV-CA",297,1.1153160903823487,86.56,-2.061209447867042,62.24
5,41,"Stockton, CA",243,0.13411339482195583,60.37,6.844245319252067,91.33
5,42,"Redding, CA",241,0.15916349287351753,61.73,3.487568757544059,84.86
5,43,"Sacramento, CA",240,1.3605186311682986,90.65,-5.568365977864743,40.99
5,44,"Crescent, CA",139,0.012515147390011715,55.95,-10.18690170090143,10.2
5,45,"Fresno, CA",212,0.3097293797702181,67.69,1.7546898330593466,79.08
5,46,"Eureka, CA",181,0.22086999366198212,63.61,-6.810140840303204,34.01
5,47,"Bakersfield, CA",179,-0.26077801996446254,44.9,0.24554173535797877,74.66
5,48,"Ukiah, CA",183,0.2218272178168718,63.78,-5.831992629197839,39.46
5,49,"Susanville, CA",138,-0.14348898638756882,50.17,-8.579089083624536,22.11
5,50,"Klamath Falls--Altamont, OR",178,-0.4598657092143015,36.22,-3.8509657572960054,52.55
5,51,"San Jose, CA",169,3.084478988555197,99.49,-3.0932034001908484,57.14
5,52,"San Diego, CA",281,2.8405596833475406,99.15,-25.135199307217242,1.7
5,53,"Santa Barbara, CA",241,1.7361889093410119,94.39,-8.421116474422785,24.15
5,54,"Denver--Aurora, CO",328,2.6989837430846393,98.64,-34.89422205694797,0.68
5,55,"Alamosa, CO",160,-0.48919784546692757,34.86,-4.94741550954418,46.6
5,56,"Farmington, NM",233,-0.15983391877637473,48.81,5.674534639645135,89.29
5,57,"Lamar, CO",110,-1.2453534197086458,7.99,-8.485977533282817,22.96
5,58,"Salida, CO",168,0.6597491831969077,77.55,-7.964623162803477,27.55
5,59,"Burlington, CO",111,-1.117547881542479,11.56,-7.7965846876386635,29.08
5,60,"Colorado Springs, CO",223,1.0446639601714836,84.52,-7.678060760939355,29.59
5,61,"Grand Junction, CO",290,0.36548179977563755,69.9,10.014838577984866,96.43
5,62,"Edwards--Avon, CO",191,1.3131293506773116,89.63,-8.228783385245057,25.34
5,63,"Laramie, WY",144,0.14747456532012823,61.05,-9.134163245850946,17.35
5,64,"Gunnison, CO",165,0.9837132293129851,83.5,-9.129006458693667,17.52
5,65,"Trinidad, CO",122,-0.5945706208665372,29.25,-9.025695296616439,18.37
5,66,"Fort Collins, CO",288,0.44360202963810447,71.6,11.469082959105519,96.94
5,67,"Sterling, CO",116,-1.7690282747150727,1.19,-7.20330495116181,32.65
5,68,"Steamboat Springs, CO",205,0.4935036660630277,72.96,-3.5275200219652896,54.76
5,69,"Sidney, NE",104,-1.4295397318181904,4.59,-10.1696009083886,10.37
5,70,"Hartford, CT",298,2.223446715958604,96.77,-16.30634938520977,3.4
5,71,"Dover, DE",255,0.5609755272958131,74.49,0.4458970394578383,75.51
5,72,"Philadelphia, PA",272,2.6288505696306466,98.13,-16.28125013233202,3.57
5,73,"Washington, DC",155,3.51054237960645,100.0,-1.4127194389390592,67.35
5,74,"Gainesville, FL",165,0.8371307717283049,81.46,-8.406121286072782,24.32
5,75,"Jacksonville, FL",307,1.6603641117995782,93.71,-11.231094749785266,5.95
5,76,"Panama City--Panama City Beach, FL",226,0.6082892488060643,77.04,-6.3831023771176785,35.37
5,77,"Port St. Lucie, FL",298,2.0090158705290877,95.41,-17.813573378299346,3.06
5,78,"Miami, FL",354,2.6491961044668613,98.47,-39.876670364677125,0.17
5,79,"Bradenton--Sarasota--Venice, FL",280,1.4779274152672446,92.01,-9.1708338227238,17.18
5,80,"Orlando, FL",303,1.9722093233458242,95.24,-18.264388461311874,2.89
5,81,"Cape Coral, FL",263,1.2661268877524974,88.61,-8.151954921230086,26.19
5,82,"Lake, FL",189,-0.6590018422989804,26.53,-0.9316229285986257,69.56
5,83,"Pensacola, FL-AL",232,1.2587490841012234,88.27,-10.396680708309129,8.84
5,84,"Daytona Beach--Palm Coast--Port Orange, FL",261,1.2752556784769844,88.95,-9.033983098070482,18.2
5,85,"Eastpoint, FL",117,0.8793762823132292,82.14,-9.558496176327083,14.12
5,86,"Tallahassee, FL",197,0.8121005536969975,81.12,-3.2447236501696266,56.12
5,87,"Lakeland, FL",275,0.4487513304144701,72.11,6.691849819462086,90.82
5,88,"Tampa--St. Petersburg, FL",334,2.0868410177523593,95.92,-22.122439730547622,2.04
5,89,"Douglas, GA",173,-0.5155994987633091,33.67,-1.2883649678818951,68.03
5,90,"Albany, GA",192,-0.28018765557261666,44.39,-0.9437012006954516,69.39
5,91,"Milledgeville, GA",186,-0.3456572721262516,40.14,-1.7263533304980396,65.14
5,92,"Gainesville, GA",356,1.3975149042533124,90.99,-3.4882890351421105,55.27
5,93,"Dalton, GA",219,0.30642084246351725,67.35,0.2739937706717112,74.83
5,94,"Tifton, GA",168,-0.5633638503617003,30.44,-2.4523536060338182,60.03
5,95,"Valdosta, GA",187,-0.31979305153960935,41.67,-2.513825701182286,59.52
5,96,"Warner Robins, GA",172,0.18387995591380887,62.76,-6.502501017107784,35.03
5,97,"Brunswick--St. Simons, GA",200,0.26526068028375144,65.82,-4.58644506375244,49.32
5,98,"Savannah, GA",234,0.3234400840280223,68.2,1.6087089319701136,78.74
5,99,"Augusta-Richmond County, GA",204,0.24906215677073015,65.31,-1.9460355376352827,63.78
5,100,"Atlanta, GA",316,2.787430932191951,98.98,-29.563477545257882,1.19
5,101,"Chattanooga, TN-GA",295,0.6692815167557219,78.06,4.553085491056882,87.24
5,102,"Woodstock, GA",271,0.949161354526657,82.65,-3.1224968640833364,56.63
5,103,"Athens-Clarke County, GA",186,0.5630121331206658,74.66,-6.267287551321316,36.05
5,104,"Dublin, GA",175,-0.6704218180679474,26.19,-2.6763401667331688,58.5
5,105,"Americus, GA",154,-0.5676104376994133,30.27,-4.8276279870665775,47.45
5,106,"Waynesville, NC",160,0.2864554432819097,66.33,-10.559233890396005,7.99
5,107,"Andrews, NC",173,-0.016095624046274175,55.44,-6.950336338265053,33.67
5,586,"Hilo, HI",202,1.273406169200627,88.78,-8.998022001022266,18.88
5,587,"Honolulu, HI",207,2.1245339184541696,96.26,-9.274941975732014,15.99
5,588,"Kapaa, HI",160,1.6086773782050539,92.69,-8.638842993730812,21.43
5,585,"Kahului--Wailuku, HI",203,1.7643269656696101,94.56,-11.768809110277285,4.76
5,108,"Boise, ID",321,1.066006402889507,84.69,2.9288479735575077,82.99
5,109,"McCall, ID",152,0.5781967926451986,75.34,-8.681984717334318,20.92
5,110,"Pocatello, ID",185,-0.13513751784433825,50.68,-2.2155455064524774,61.39
5,111,"Evanston, WY",188,-0.5434660429702748,32.65,0.6628274264942922,75.85
5,112,"Coeur d'Alene, ID",280,0.7579641696676284,79.93,-0.2451069768350691,72.79
5,113,"Twin Falls, ID",230,0.04378958372940967,57.65,2.2951958453626187,81.46
5,114,"Spokane, WA",287,0.4586283272161833,72.62,7.204951456782608,92.69
5,115,"Idaho Falls, ID",268,0.6534615415129416,77.38,1.640037578919489,78.91
5,116,"Burley, ID",144,-1.0875437174432474,12.59,-5.2333850162477145,44.39
5,117,"Lewiston, ID-WA",183,-0.30629442518620004,43.54,-3.4885988850399556,55.1
5,118,"Salmon, ID",148,-0.05557993099306517,53.74,-7.879274535078726,28.4
5,119,"Logan, UT",215,0.2951425077209409,67.01,-0.5058479091957383,72.11
5,120,"Jackson, WY",186,1.2763870497227359,89.12,-7.278402650509498,31.63
5,121,"Quincy, IL",204,-0.3357624546219212,40.65,2.3120190024957328,81.63
5,122,"Marion--Herrin, IL",180,-0.5586349225932189,31.8,-2.274883245420805,61.05
5,123,"Granite City, IL",224,-0.17034597806841872,47.96,5.044526374209909,88.44
5,124,"Rockford, IL",261,0.27520820124049755,66.16,7.7656242786261815,93.88
5,125,"Peoria, IL",247,0.2228154272434428,63.95,6.692937564075483,90.99
5,126,"Springfield, IL",152,0.06619452563131765,58.16,-4.917461716333646,46.94
5,127,"Champaign, IL",169,0.5803003464793439,75.51,-3.1052118628339214,56.8
5,128,"Decatur, IL",208,-0.31097952463510187,42.52,2.9815057064915145,83.33
5,129,"Terre Haute, IN",220,-0.4774063610331652,35.37,6.952519569510613,91.67
5,130,"Olney, IL",149,-1.1364526708229246,11.05,-4.433468966593406,50.0
5,131,"Centralia, IL",175,-0.8234460182937122,20.75,-0.5881926862834441,71.6
5,132,"Chicago, IL",391,2.403800931490734,97.62,-31.096373750379534,1.02
5,133,"Vincennes, IN",147,-1.2209084885943602,9.01,-5.505182105665757,41.67
5,134,"Harrisburg, IL",128,-0.5927974086158158,29.42,-6.638096077952637,34.52
5,135,"Burlington, IA-IL",200,-0.6255604762542245,28.06,3.8601323318302216,85.88
5,136,"Davenport, IA-IL",241,-0.03502649015778041,54.76,7.095545025311247,92.01
5,137,"Kankakee, IL",180,-0.237379512844169,45.92,-1.8001509559850726,64.63
5,138,"Dubuque, IA-IL",263,0.07691503090929523,58.5,12.702113721480194,97.79
5,139,"Paducah, KY-IL",242,-0.1672329034110525,48.13,8.306078245871504,94.39
5,140,"St. Louis, MO",298,1.5075532248179626,92.18,-4.605903198153539,48.98
5,141,"Lafayette, IN",217,-0.11125752073925553,51.53,3.4289992815824317,84.35
5,142,"Evansville, IN",267,-0.14076629686645944,50.51,13.421398667362192,98.13
5,143,"Fort Wayne, IN",336,0.42118795796753555,71.09,19.807326343124327,99.66
5,144,"Columbus, IN",165,-0.045618968868525955,54.25,-7.131073935676811,32.99
5,145,"Muncie, IN",217,-0.1557990346360446,49.15,2.148241444291915,80.61
5,146,"Indianapolis, IN",305,1.3388469298927308,90.31,-2.7857041732306143,58.16
5,147,"Logansport, IN",156,-0.7772490008185726,21.6,-5.825367613604245,39.63
5,148,"Louisville/Jefferson County, KY-IN",307,1.240040182134917,87.93,0.23546021115607546,74.49
5,149,"Greendale--Lawrenceburg--Hidden Valley, IN-OH",187,-0.3973699541539042,38.61,-3.660039822039911,53.74
5,150,"Greensburg, IN",171,-0.7211098100549209,24.66,-2.3690423838790973,60.37
5,151,"South Bend, IN-MI",298,0.3329580661445748,68.37,14.170479187603759,98.47
5,152,"Richmond, IN-OH",182,-0.3346526954917821,40.99,-4.465561081890149,49.83
5,153,"Bloomington, IN",173,0.25504926936819816,65.48,-7.4574017966065,30.61
5,154,"Hammond, IN",293,0.2454470862985653,64.97,12.950212916818655,97.96
5,155,"Des Moines, IA",264,1.197331843309189,87.59,-0.9963175794050083,69.05
5,156,"Creston, IA",137,-1.2743353930313142,7.48,-5.39084544683088,43.03
5,157,"Platteville, WI",168,-1.0806523809568103,12.93,-0.5114489061088062,71.94
5,158,"Ottumwa, IA",198,-0.6850083024684798,25.85,4.825618955465442,88.27
5,159,"Denison, IA",147,-0.9576343619863001,16.16,-3.1023975808142374,56.97
5,160,"Cedar Rapids, IA",221,0.3560775913326707,69.56,1.890723760632229,79.76
5,161,"Waterloo, IA",208,-0.544534930368611,32.48,4.604214029328902,87.41
5,162,"Ames, IA",157,-0.32182549322943405,41.33,-3.5832696627988505,54.59
5,163,"Storm Lake, IA",131,-1.4241844732359463,4.76,-6.107132289210007,36.9
5,164,"Fort Dodge, IA",167,-0.8587797207178691,19.39,-0.836196846348106,70.24
5,165,"Mason, IA",192,-0.7179547004027914,24.83,3.7870493354453902,85.37
5,166,"Decorah, IA",137,-0.7496168487044947,23.13,-6.789224494425905,34.18
5,167,"Osceola, IA",121,-1.2300141729235505,8.84,-8.433000041559085,23.98
5,168,"Spirit Lake, IA",177,-0.7268863384769694,24.32,0.23479726483772767,74.32
5,169,"Iowa Falls, IA",115,-1.295717600690116,7.14,-7.798800061296368,28.91
5,170,"Omaha, NE-IA",271,1.0888975073309195,85.37,0.1810075749201137,73.81
5,171,"Sioux Center, IA",149,-0.8101386663493617,21.09,-2.1605172168568694,61.9
5,172,"Sioux, IA-NE-SD",197,-0.526544765560319,33.16,2.9366329903744126,83.16
5,173,"Parsons, KS",138,-1.0625935610595774,13.61,-5.531119783143711,41.33
5,174,"Kansas, MO-KS",320,1.5087611271621335,92.35,-5.268701141962836,43.88
5,175,"St. Joseph, MO-KS",193,-0.41390635485185917,38.1,0.757726165116785,76.02
5,176,"Pratt, KS",90,-1.8716268866521135,0.68,-10.033620556527849,11.39
5,177,"Great Bend, KS",137,-0.9302875354478651,17.18,-5.7048063169912355,40.48
5,178,"Joplin, MO",239,-0.21324637203010435,47.11,8.177341906992002,94.05
5,179,"Falls, NE",117,-1.497132372926468,3.91,-8.136796126532552,26.36
5,180,"Wichita, KS",256,0.3374814113139295,68.54,6.973163226597568,91.84
5,181,"Emporia, KS",126,-1.1588525088986132,9.86,-8.89292502732249,19.73
5,182,"Bartlesville, OK",164,-0.8713917168229222,19.05,-2.00455569376261,62.93
5,183,"Atwood, KS",77,-1.5571500730193644,2.89,-9.525524922562804,14.63
5,184,"Dodge, KS",121,-0.92941723172966,17.35,-7.27923907687122,31.46
5,185,"Manhattan, KS",142,-0.36770443924943813,39.46,-6.368932134917148,35.54
5,186,"Concordia, KS",130,-1.1474801586586927,10.71,-6.297082235895531,35.88
5,187,"Norton, KS",98,-1.4963924829986444,4.08,-8.912741639860759,19.39
5,188,"Topeka, KS",192,0.712831140268197,78.91,-3.914948019507921,52.21
5,189,"Hays, KS",161,-0.9566216757122187,16.5,-2.0368825200152894,62.59
5,190,"Salina, KS",158,-0.43024034165729064,37.76,-5.482056014275097,42.01
5,191,"Garden, KS",132,-1.4222210417851437,4.93,-5.527716475274415,41.5
5,192,"Colby, KS",104,-1.5642791562917135,2.55,-9.214767859135373,16.5
5,193,"Hutchinson, KS",201,-0.4951879085131843,34.35,4.078408724409203,86.22
5,194,"Liberal, KS",101,-1.6290093976749667,2.04,-9.278910800299442,15.82
5,195,"Beloit, KS",94,-1.7900174571298195,0.85,-10.703405433578924,7.48
5,196,"Scott City, KS",97,-1.6875108258796037,1.36,-8.40545749443328,24.49
5,197,"Hugoton, KS",69,-2.1320678150329284,0.17,-11.207219652780205,6.12
5,198,"Goodland, KS",108,-1.1544396825302718,10.2,-10.125730953587267,10.54
5,199,"Bardstown, KY",182,-0.6480787415846019,26.87,-1.29247897772176,67.86
5,200,"Bowling Green, KY",254,-0.07220166309975724,53.23,8.597499675002787,94.9
5,201,"Lexington-Fayette, KY",236,1.0870422002544495,85.2,-3.8266343943711876,52.72
5,202,"Glasgow, KY",181,-0.47693152657851234,35.54,-1.7884300180415935,64.8
5,203,"Mount Sterling, KY",163,-0.5887268504089852,29.93,-5.709092394413994,40.31
5,204,"Middlesborough, KY-TN",135,-0.5214052443541811,33.33,-7.915611949295867,28.23
5,205,"Cincinnati, OH-KY",334,1.4268103613872702,91.5,-1.9981124339942153,63.27
5,206,"Huntington, WV-KY-OH",223,-0.11119311076495664,51.7,2.6704128336550546,82.48
5,207,"Danville, KY",182,-0.30664574419482643,43.37,-3.0707025274807154,57.31
5,208,"Maysville, KY-OH",159,-0.5594277934918908,31.63,-5.1628889216462115,45.41
5,209,"Hazard, KY",121,-0.5958515812017278,29.08,-9.370206712698193,15.14
5,210,"Elizabethtown--Radcliff, KY",171,-0.30208218875407966,43.88,-5.7490344287120445,39.97
5,211,"Henderson, KY",200,-0.7539703751922648,22.96,4.635098393939157,87.59
5,212,"Clarksville, TN-KY",172,0.1825061432366977,62.59,-5.222186206743571,44.56
5,213,"Richmond, KY",194,-0.21576478817275044,46.94,-1.8580978832038801,64.12
5,214,"Somerset, KY",196,-0.31942242262240494,41.84,-0.7282087368658842,70.92
5,215,"Owensboro, KY",189,-0.3072104860600503,43.2,-2.103528256349674,62.07
5,216,"Pikeville, KY",151,-0.5614727782828015,30.95,-5.954977905388428,38.1
5,217,"Harlan, KY",86,-0.6270281082172411,27.72,-9.633210344440917,13.44
5,218,"Lafayette, LA",271,0.10249494571207678,59.01,11.819546615315332,97.11
5,219,"Lake Charles, LA",239,-0.1480607088553717,50.0,8.422662500053205,94.73
5,220,"New Orleans, LA",310,1.241030233549108,88.1,1.035235204981993,76.7
5,221,"Houma, LA",183,-0.16393081242338203,48.47,-1.9863647763454273,63.61
5,222,"Alexandria, LA",188,-0.466636387147633,36.05,-0.600552988935382,71.43
5,223,"Monroe, LA",225,-0.1533406047473245,49.32,4.379887213712315,86.9
5,224,"Shreveport, LA",240,-0.12791806756921892,51.02,7.397424866234443,93.37
5,225,"Natchez, MS-LA",174,-0.7287202901310968,24.15,-1.3132322389517868,67.69
5,226,"Baton Rouge, LA",238,0.42448269658694565,71.43,1.9477758497504616,79.93
5,227,"Tallulah, LA",134,-1.1307705303613271,11.22,-5.94127306577574,38.44
5,228,"Portland, ME",283,1.0970764002525204,85.71,-4.221303296661493,50.51
5,229,"Presque Isle, ME",146,-0.6440231845929244,27.04,-8.367844481689033,24.83
5,230,"Bangor, ME",230,0.4218798361187967,71.26,-1.8770142800062688,63.95
5,231,"Cumberland, MD-WV-PA",196,-0.23190761446740857,46.26,-1.520220431807819,66.67
5,232,"Baltimore, MD",237,2.2868385337521264,96.94,-10.494134752346817,8.16
5,233,"Germantown, MD",232,2.3710528948721628,97.45,-12.0240937510588,4.42
5,234,"Boston, MA-NH",287,2.9668617833467525,99.32,-27.491671694430124,1.36
5,235,"Pittsfield, MA",210,1.1827820789260606,87.41,-7.214032524689814,32.48
5,236,"Providence, RI-MA",299,1.5114017965433932,92.52,-6.178282989192201,36.73
5,237,"Vineyard Haven--Edgartown--Oak Bluffs, MA",163,1.3845256783859523,90.82,-9.690323942453235,12.93
5,238,"Springfield, MA-CT",249,1.1052747692881293,86.05,-2.556385028169219,59.01
5,239,"Nantucket, MA",146,1.7156814947633094,94.05,-9.197583132654453,16.84
5,240,"Alpena, MI",186,-0.052923774522047225,53.91,-4.730534565036948,47.79
5,241,"Marquette, MI",207,0.022336677711962346,56.29,-2.1969496055609694,61.56
5,242,"Grand Rapids, MI",340,0.9011861398547155,82.48,9.796742017058534,96.09
5,243,"Traverse City--Garfield, MI",271,0.5966966422161876,76.53,1.962660747385832,80.1
5,244,"Saginaw, MI",260,0.09659018836658052,58.84,7.21392722143895,92.86
5,245,"Houghton--Hancock, MI",141,0.12015952027224494,59.86,-9.549571626366271,14.46
5,246,"Kalamazoo, MI",245,0.5231764474461598,73.98,1.3154692374387391,77.38
5,247,"Petoskey, MI",210,0.7895587328009978,80.61,-5.350393272840423,43.37
5,248,"Sault Ste. Marie, MI",139,0.07425838911982326,58.33,-9.524447415375375,14.8
5,249,"Lansing, MI",216,0.7995467129162681,80.95,-3.2076943048033533,56.29
5,250,"Houghton Lake, MI",183,-0.3897603954955775,38.95,-4.131359899042092,51.02
5,251,"Marinette--Menominee, WI-MI",196,-0.44230739093953386,37.24,-0.7298275876793019,70.75
5,252,"Detroit, MI",305,1.3157928522552331,89.8,-1.606019375769225,65.99
5,253,"Ironwood, MI-WI",141,-0.3194138184269963,42.01,-9.66468773679693,13.1
5,254,"Jackson, MI",224,-0.023903414778315597,55.27,3.7953413665741262,85.54
5,255,"Cadillac, MI",186,-0.4565180580698706,36.56,-1.4124743107272644,67.52
5,256,"Ludington, MI",161,-0.04456091759539795,54.59,-8.435708368006761,23.81
5,257,"Brainerd, MN",220,-0.23502947116602627,46.09,2.3683939477802864,81.8
5,258,"Minneapolis, MN",321,2.0438947007891914,95.75,-15.714183774821866,3.74
5,259,"Fargo, ND-MN",249,0.3229589326470056,68.03,5.497924699940127,89.12
5,260,"St. Cloud, MN",267,-0.0299158289473115,55.1,12.35304429280752,97.45
5,261,"Milbank, SD",149,-1.1932815827434538,9.35,-4.517050665598663,49.66
5,262,"Mankato, MN",241,0.06117263279838176,57.99,7.407679212660439,93.54
5,263,"Duluth, MN-WI",219,0.16038365519907571,61.9,-1.5841286013762965,66.16
5,264,"Willmar, MN",185,-1.0010735628150278,15.48,3.247014756268491,83.84
5,265,"Grand Marais, MN",107,0.7325282999167352,79.59,-9.194657909955321,17.01
5,266,"Worthington, MN",134,-1.303949908651599,6.97,-6.0377222857267805,37.41
5,267,"Rochester, MN",176,0.130200467119335,60.2,-5.92817096959018,38.61
5,268,"Alexandria, MN",215,-0.602910318207774,28.91,7.488213143103962,93.71
5,269,"La Crosse, WI-MN",204,-0.0844651337909835,52.72,-0.6361436439523394,71.09
5,270,"Grafton, ND",112,-1.3857295207577642,5.1,-8.594066979739377,21.94
5,271,"International Falls, MN",98,-0.23810854602090512,45.75,-11.746109339932493,4.93
5,272,"Roseau, MN",103,-0.6529054351116358,26.7,-10.906998806299553,6.97
5,273,"Otsego, MN",242,0.025966611624504008,56.63,7.183707804230397,92.35
5,274,"Grand Forks, ND-MN",177,-0.3353303266437207,40.82,-1.2781165560960588,68.2
5,275,"Sioux Falls, SD",238,0.3441404466974017,68.88,4.08730152512839,86.39
5,276,"Eau Claire, WI",256,0.1801846570635042,62.24,7.3375601316451355,93.2
5,277,"Tupelo, MS",230,-0.2054451700833542,47.28,5.45647702276374,88.95
5,278,"McComb, MS",174,-1.0284317194513959,14.46,-1.6947479735770286,65.48
5,279,"Jackson, MS",235,0.34436041763452235,69.05,1.8794781854771176,79.59
5,280,"Greenville, MS",155,-0.7819453007565764,21.43,-3.8706963670964796,52.38
5,281,"Greenwood, MS",151,-0.8305408552496557,20.41,-5.795923061407091,39.8
5,282,"Starkville, MS",186,-0.40231675916097,38.44,-1.5706697388342756,66.33
5,283,"Oxford, MS",171,-0.2525400252241131,45.41,-4.603910397762708,49.15
5,284,"Hattiesburg, MS",182,-0.9358972305318799,16.84,-0.5025698191881289,72.28
5,285,"Gulfport--Biloxi, MS",179,0.15837498178439718,61.56,-7.636641879665535,29.93
5,286,"Kirksville, MO",141,-1.121044594901486,11.39,-5.869307363882849,39.29
5,287,"Nebraska, NE",112,-1.566157881835921,2.38,-9.29687756861304,15.48
5,288,"Columbia, MO",208,0.08445688365786282,58.67,0.29990471521595663,75.17
5,289,"Springfield, MO",281,0.3476327345262411,69.22,8.29105075702045,94.22
5,290,"Sedalia, MO",183,-0.8039158687286305,21.26,1.5807367053563892,78.57
5,291,"Cape Girardeau, MO-IL",226,-0.5539858402231743,32.14,9.745745246308022,95.92
5,292,"Poplar Bluff, MO",163,-0.712426648787585,25.0,-5.919807982494566,38.78
5,293,"Village of Four Seasons, MO",202,0.11934555755802786,59.69,-3.945948684458147,51.87
5,294,"Chillicothe, MO",160,-0.9894776885058427,15.82,-2.174222976855412,61.73
5,295,"Nevada, MO",146,-0.9259180223872956,17.52,-6.1019886268644505,37.07
5,296,"Trenton, MO",144,-1.143708848013247,10.88,-5.20605307173392,44.73
5,297,"Fort Leonard Wood--St. Robert--Waynesville, MO",166,-0.4897504576668117,34.69,-6.239945956649416,36.39
5,298,"West Plains, MO",180,-0.8769917923350498,18.37,-0.2382993558390445,72.96
5,299,"Maryville, MO",126,-0.9520376248342926,16.67,-8.475447323188991,23.13
5,300,"Farmington, MO",189,-0.5617127779989962,30.78,-1.2398822813255295,68.37
5,301,"Moberly, MO",153,-1.036703660813208,14.29,-3.123903245618548,56.46
5,302,"Dillon, MT",119,-0.30893161158826965,42.86,-9.272300577938145,16.16
5,303,"Sheridan, WY",211,0.05266143343306722,57.82,3.7523887529468722,85.2
5,304,"Great Falls, MT",189,-0.4676125492014324,35.88,-0.5790310363931074,71.77
5,305,"Bozeman, MT",281,1.0959085247806715,85.54,-3.6413774419353784,54.25
5,306,"Billings, MT",269,0.00842439159295444,55.78,12.01501075758204,97.28
5,307,"Baker, MT",106,-0.9092752118324072,18.03,-9.940058175147817,12.07
5,308,"Miles, MT",139,-1.0142221525097004,14.97,-6.016784302839469,37.59
5,309,"Plentywood, MT",102,-0.7701259987367532,22.11,-9.004068026026644,18.54
5,310,"Missoula, MT",282,0.41044798470772237,70.75,8.342302104843245,94.56
5,311,"Lewistown, MT",142,-0.8769492053527874,18.54,-7.2384107908183175,32.31
5,312,"Kalispell, MT",269,0.6809779404222426,78.57,0.9477451803084356,76.53
5,313,"Jordan, MT",57,-0.2568924016119067,45.24,-8.620201917751134,21.77
5,314,"Shelby, MT",107,-1.371070875888152,5.44,-8.18026811374899,25.68
5,315,"Chester, MT",61,-0.7304757032039557,23.98,-8.644680761798542,21.09
5,316,"Glasgow, MT",107,-1.5485248429225151,3.23,-10.026493945274856,11.56
5,317,"Livingston, MT",185,0.3499994360011981,69.39,-5.108072621914642,45.92
5,318,"Winnett, MT",45,0.14298953522525484,60.71,-5.887845346917033,38.95
5,319,"Malta, MT",100,-1.35168891281768,5.95,-10.242750880555107,9.69
5,320,"Colstrip, MT",88,-0.7308225636772936,23.81,-8.630392502807789,21.6
5,321,"Williston, ND",126,-1.370550514671253,5.61,-6.1009440807615025,37.24
5,322,"Thompson Falls, MT",145,-0.338332692362408,40.48,-8.533328488144521,22.28
5,323,"Dickinson, ND",160,-0.9311867128041431,17.01,-1.4579274314497717,67.18
5,324,"Hastings, NE",153,-1.265229555114109,7.82,-3.503767123600215,54.93
5,325,"Norfolk, NE",157,-0.7648771521102548,22.28,-4.077545484441604,51.19
5,326,"North Platte, NE",156,-0.7764615372128296,21.77,-4.071312738304274,51.53
5,327,"Cheyenne, WY",201,-0.4941374407355456,34.52,3.315436220200519,84.18
5,328,"Broken Bow, NE",100,-1.342331632121778,6.46,-10.576980683959395,7.65
5,329,"Columbus, NE",138,-1.108264173162581,11.73,-5.489773121723319,41.84
5,330,"Alliance, NE",98,-1.550791582969196,3.06,-10.19640689601706,10.03
5,331,"O'Neill, NE",108,-1.55829984174247,2.72,-8.998155745840702,18.71
5,332,"Kearney, NE",159,-0.843930123538641,19.9,-2.5991740312366267,58.84
5,333,"Yankton, SD",148,-1.1000420642981894,11.9,-3.989625386667963,51.7
5,334,"McCook, NE",110,-1.6747783091490303,1.7,-8.642684116379376,21.26
5,335,"Valentine, NE",78,-1.347173287534231,6.29,-11.709688958108494,5.1
5,336,"Grand Island, NE",174,-0.8199489434040659,20.92,-0.3200358829772977,72.62
5,337,"Lincoln, NE",233,0.5451385985895842,74.15,1.480872010225054,78.06
5,338,"Ord, NE",96,-1.3653773177158912,5.78,-9.73000332812041,12.76
5,339,"Hyannis, NE",47,-1.0007218663019322,15.65,-9.583542042428551,13.78
5,340,"Las Vegas--Henderson--Paradise, NV",233,2.1036809082508294,96.09,-10.940268212006274,6.8
5,341,"Elko, NV",136,-1.085580338132963,12.76,-8.684162556380373,20.75
5,342,"St. George, UT",271,0.85541727893322,81.63,-1.5587553521482944,66.5
5,343,"Nashua, NH-MA",335,1.7246214422526367,94.22,-14.620657229811378,3.91
5,344,"Keene, NH",228,0.6775550688849499,78.4,-3.9229922246494935,52.04
5,345,"Lebanon, NH-VT",250,0.7816170256515725,80.44,-0.7901161985480651,70.41
5,346,"Trenton, NJ",259,1.798354059343327,94.73,-7.253001015432577,32.14
5,347,"Newark, NJ",355,2.564354800744117,97.96,-32.2699294107532,0.85
5,348,"Toms River, NJ",264,1.6671876558214425,93.88,-11.047180150072629,6.46
5,349,"Albuquerque, NM",225,1.2634244574459261,88.44,-7.385214358728328,31.29
5,350,"Roswell, NM",159,-1.0729311184578496,13.27,-1.716932964329152,65.31
5,351,"Las Vegas, NM",124,-0.7115245848763315,25.17,-9.557779895982812,14.29
5,352,"Clovis, NM",115,-1.522695792211551,3.4,-7.978201324909875,27.38
5,353,"El Paso, TX-NM",211,0.44909218544296825,72.28,-1.0003569164502923,68.88
5,354,"Hobbs, NM",116,-1.1540706833870689,10.37,-8.95896227050519,19.22
5,355,"Alamogordo, NM",141,-0.08485698737658837,52.55,-9.281797537757354,15.65
5,356,"Taos, NM",169,0.6941931952296013,78.74,-7.865665440544555,28.74
5,357,"Dumas, TX",92,-2.0332579838108398,0.34,-9.584936545547007,13.61
5,358,"Albany--Schenectady, NY",258,1.0176239997372387,84.01,-2.235554968204462,61.22
5,359,"Buffalo, NY",302,1.1076207114791028,86.39,2.1964146912823463,81.12
5,360,"New York, NY",232,3.4315061118103887,99.83,-19.15539110382973,2.55
5,361,"Binghamton, NY",220,0.7407757005824317,79.76,-3.7274780322561543,53.4
5,362,"Syracuse, NY",278,1.1337175953417873,86.73,-1.0035515985800614,68.71
5,363,"Erie, PA",312,0.12940495776732258,60.03,20.33726216882,99.83
5,364,"Elmira, NY",204,0.5194297252222914,73.81,-4.074006122970371,51.36
5,365,"Plattsburgh, NY",183,-0.03306505680277506,54.93,-4.69850510211021,48.3
5,366,"Yonkers, NY",282,2.020576100500007,95.58,-14.303217361610342,4.08
5,367,"Watertown, NY",144,-0.3079934172296029,43.03,-8.498554085497661,22.79
5,368,"Rochester, NY",252,1.3992416225615312,91.16,-4.2867027226500145,50.34
5,369,"Burlington, NC",230,0.44703890533364904,71.77,-1.7865505309066894,64.97
5,370,"Hickory, NC",237,0.5957306443058882,76.19,-0.6048848526883754,71.26
5,371,"Marion, VA",182,-0.26693673928527345,44.73,-3.8150721477321152,52.89
5,372,"Charlotte, NC-SC",356,1.6536786323281987,93.54,-8.995729600923429,19.05
5,373,"Boone, NC",179,0.27503937298881376,65.99,-7.754904325409612,29.25
5,374,"Washington, NC",192,-0.37032475218162936,39.29,-0.7647237803722109,70.58
5,375,"Roanoke Rapids, NC",171,-0.5753527746829203,30.1,-3.3200711856326297,55.78
5,376,"Fayetteville, NC",207,0.14895843509076068,61.22,0.5719318941649489,75.68
5,377,"Wilmington, NC",269,1.0038555650635899,83.67,-4.712281526552271,48.13
5,378,"Asheville, NC",298,1.1743967483897126,87.07,-5.262992874807457,44.05
5,379,"Virginia Beach, VA",222,1.3037376796036155,89.46,-7.268544042589816,31.97
5,380,"Jacksonville, NC",135,0.6025286353014481,76.7,-9.563166870515433,13.95
5,381,"Raleigh, NC",248,2.343990351762334,97.28,-14.08431873615233,4.25
5,382,"Winston-Salem, NC",321,0.9804679086531601,83.16,4.772744777742147,88.1
5,383,"Greenville, NC",196,-0.114033247093657,51.36,-0.9437335552715196,69.22
5,384,"Rocky Mount, NC",213,0.018803436196111314,56.12,1.499839946474073,78.23
5,385,"Spartanburg, SC",274,0.5602277198809237,74.32,4.3122941111972235,86.73
5,386,"Bowman, ND",108,-1.5937947197343105,2.21,-8.161370529568378,26.02
5,387,"Valley, ND",108,-0.8723854850660261,18.71,-9.206998943774183,16.67
5,388,"Devils Lake, ND",104,-1.2397986866890478,8.33,-10.392020442889496,9.01
5,389,"Minot, ND",165,-0.724404630278904,24.49,-2.384617747341459,60.2
5,390,"Bismarck, ND",214,-0.3510774280674431,39.8,6.41870032742442,90.14
5,391,"Lisbon, ND",93,-1.5128528927075535,3.74,-10.241960313436001,9.86
5,392,"Carrington, ND",91,-1.7860562111948655,1.02,-11.262368786144517,5.78
5,393,"Jamestown, ND",124,-1.3810675948480127,5.27,-7.418899051496473,31.12
5,394,"Rugby, ND",81,-1.1610710800512791,9.69,-11.381705099941483,5.61
5,395,"Mobridge, SD",100,-1.095735890630762,12.24,-9.655673833666578,13.27
5,396,"Lima, OH",244,-0.26869648139317837,44.56,9.399992922679646,95.75
5,397,"Mansfield, OH",246,0.024881708197987504,56.46,6.4191281551999975,90.31
5,398,"Cleveland, OH",350,1.3403633481935526,90.48,0.7901483247554967,76.19
5,399,"Athens, OH",149,-0.32013418664192156,41.5,-7.462016650840662,30.44
5,400,"Steubenville--Weirton, OH-WV-PA",230,-0.19704803824601913,47.45,6.122313921256826,89.8
5,401,"Canton, OH",360,0.10612255121837623,59.35,35.72043599250448,100.0
5,402,"Dayton, OH",282,0.6025549315000689,76.87,6.763671697719035,91.16
5,403,"Washington Court House, OH",171,-0.12171392030686298,51.19,-3.6574481688111353,54.08
5,404,"Youngstown, OH",304,0.22549256980594698,64.29,14.232241006338642,98.64
5,405,"Toledo, OH-MI",282,0.36788420445742914,70.24,9.103034084188803,95.41
5,406,"Columbus, OH",256,1.6267792191068629,93.03,-5.17962352589664,45.07
5,407,"Sandusky--Port Clinton, OH",230,0.14019244825160318,60.54,1.447948664119577,77.89
5,408,"Parkersburg, WV-OH",237,-0.5131118532986908,33.84,10.04443471491641,96.6
5,409,"Findlay, OH",218,-0.17806557694295744,47.79,3.9841171617661773,86.05
5,410,"Portsmouth, OH-KY",165,-0.4429363831964315,36.9,-7.868365133873232,28.57
5,411,"Muskogee, OK",152,-0.7718496059838597,21.94,-6.625337729993373,34.69
5,412,"Enid, OK",176,-0.6921760573752096,25.68,1.3318241835149984,77.55
5,413,"Ardmore, OK",185,-0.9040146503444031,18.2,2.0709564487957546,80.44
5,414,"Weatherford, OK",146,-1.2327431237765876,8.5,-3.440962368748568,55.61
5,415,"Oklahoma, OK",265,0.44715561887460575,71.94,8.793521586750897,95.24
5,416,"Wichita Falls, TX",178,-0.5617690582774113,30.61,-1.4602391607842085,67.01
5,417,"Miami, OK",185,-0.5499947296069331,32.31,-0.9294682461594953,69.73
5,418,"Tulsa, OK",300,0.8875533389501488,82.31,5.282855508416476,88.78
5,419,"Woodward, OK",135,-1.6317669705885498,1.87,-3.794009778834235,53.23
5,420,"Altus, OK",102,-1.349366182051164,6.12,-10.709185372948312,7.31
5,421,"McAlester, OK",162,-1.0520856665509193,13.95,-1.5150651620466675,66.84
5,422,"Stillwater, OK",171,-0.559628160551197,31.46,-2.3565033675880893,60.71
5,423,"Dallas, TX",360,2.1669980715419754,96.6,-21.34772065998154,2.21
5,424,"Guymon, OK",103,-1.8763302514901599,0.51,-7.925309573764957,28.06
5,425,"La Grande, OR",163,-0.516333840637849,33.5,-5.455832634667926,42.69
5,426,"Eugene, OR",282,0.7148345704530326,79.08,2.734627259763891,82.65
5,427,"Portland, OR-WA",348,1.6529361404227296,93.37,-10.048074200852591,11.22
5,428,"Aberdeen, WA",179,0.19432783408551943,62.93,-8.135989815733602,26.53
5,429,"Roseburg, OR",197,-0.18054154263865074,47.62,-2.504540543517969,59.86
5,430,"Bend, OR",281,1.098241870428718,85.88,-5.287850389681771,43.71
5,431,"Condon, OR",95,-0.29441904857237655,44.05,-8.778361177238738,20.07
5,432,"John Day, OR",95,-0.40809764968699874,38.27,-11.073946377823901,6.29
5,433,"Burns, OR",95,-0.7373708877348263,23.47,-11.02095250124807,6.63
5,434,"The Dalles, OR",181,0.04007027103374912,57.14,-4.14450651037885,50.85
5,435,"Medford, OR",261,0.45234344050731123,72.45,1.3137569354475673,77.21
5,436,"Lakeview, OR",85,-1.4581396123065664,4.42,-11.847644173806348,4.59
5,437,"Newport, OR",147,0.3968033566995646,70.58,-10.753086653314801,7.14
5,438,"Kennewick--Richland--Pasco, WA",184,-0.12957253928783996,50.85,-2.7232500545345926,58.33
5,439,"Enterprise, OR",142,0.3103225617777161,67.86,-8.045832646710569,27.04
5,440,"Harrisburg, PA",343,0.7193477584597651,79.25,14.262111916711575,98.81
5,441,"Pittsburgh, PA",312,1.0779984819485307,85.03,1.7830679758277748,79.25
5,442,"Altoona, PA",279,-0.15651923334185452,48.98,17.083075181787986,99.32
5,443,"Allentown--Bethlehem, PA-NJ",290,0.9813045476173906,83.33,2.5728925460665266,82.31
5,444,"Williamsport, PA",271,-0.1086431839455207,51.87,15.269669947736459,99.15
5,445,"Bradford, PA-NY",195,-0.5388318242976787,32.99,0.43299726737832994,75.34
5,446,"State College, PA",187,-0.05590180012131926,53.57,-4.654287790188729,48.81
5,447,"Scranton, PA",268,0.4993298070726862,73.13,4.13978512932656,86.56
5,448,"Greenville, SC",303,0.9565268706832153,82.82,3.00334321540369,83.5
5,449,"Hilton Head Island, SC",230,0.8640963634937038,81.8,-4.750900988261472,47.62
5,450,"Columbia, SC",291,0.8168119192125639,81.29,5.065996563890191,88.61
5,451,"Charleston, SC",302,1.4263595203941486,91.33,-7.958037453146722,27.72
5,452,"Myrtle Beach--North Myrtle Beach, SC-NC",288,0.6463335559396785,77.21,4.755814628916005,87.93
5,453,"Mitchell, SD",161,-0.8248285615867548,20.58,-2.64161736522347,58.67
5,454,"Brookings, SD",177,-0.6165505231128052,28.4,0.1976195695142033,74.15
5,455,"Aberdeen, SD",163,-0.8501228559402512,19.56,-1.8182902769225537,64.29
5,456,"Chamberlain, SD",82,-1.6777714913307078,1.53,-11.47231592309556,5.44
5,457,"Rapid, SD",263,0.23588674611216393,64.63,6.446527631956317,90.48
5,458,"Parkston, SD",105,-1.2699242406428353,7.65,-9.91244651626677,12.24
5,459,"North Eagle Butte, SD",64,-1.3283215790212874,6.63,-11.510872940727747,5.27
5,460,"Winner, SD",106,-1.046805153481449,14.12,-10.11684821816729,10.71
5,461,"Philip, SD",76,-1.05618624902642,13.78,-10.56014312218898,7.82
5,462,"Buffalo, SD",49,-1.4594621639065433,4.25,-10.459096238753615,8.67
5,463,"Pierre, SD",131,-0.364064200728331,39.63,-7.036909807833332,33.16
5,464,"Knoxville, TN",280,1.0132161623910394,83.84,-2.5542410245777383,59.18
5,465,"Murfreesboro, TN",266,0.6626864110570512,77.72,2.1754367196744226,80.95
5,466,"Paris, TN",185,-0.44550567238136535,36.73,-0.8778505736118234,69.9
5,467,"Johnson, TN",245,0.25904031512062425,65.65,2.0379660129718293,80.27
5,468,"Nashville-Davidson, TN",309,2.405255005672373,97.79,-23.52121932638865,1.87
5,469,"Jackson, TN",246,-0.09907463291965753,52.04,7.245650691532525,93.03
5,470,"Cookeville, TN",228,-0.044784516743435934,54.42,2.4948874426612115,81.97
5,471,"Morristown, TN",218,0.5963326614675707,76.36,-3.634094306896552,54.42
5,472,"Crossville, TN",160,-0.04919032160606432,54.08,-6.189660520691708,36.56
5,473,"Dyersburg, TN",123,-0.8443683373821604,19.73,-8.333152603241523,25.0
5,474,"Columbia, TN",238,0.1794669396269598,62.07,3.176532446795743,83.67
5,475,"Tyler, TX",262,-0.25958677289657484,45.07,14.401796193098315,98.98
5,476,"Odessa, TX",176,-0.44237544149210534,37.07,-0.3752984425993419,72.45
5,477,"Lufkin, TX",184,-0.6846355948051392,26.02,-0.8513650700936134,70.07
5,478,"McAllen, TX",220,-0.08134719068682494,53.06,4.382847534571324,87.07
5,479,"Amarillo, TX",257,-0.3475432154157177,39.97,17.112575930416217,99.49
5,480,"San Antonio, TX",250,0.7198259835161445,79.42,2.775465054917945,82.82
5,481,"Houston, TX",324,1.158127761748232,86.9,7.192949189973388,92.52
5,482,"Austin, TX",287,2.6356704069986683,98.3,-26.384265853916975,1.53
5,483,"Snyder, TX",142,-1.092315261648154,12.41,-2.969383098436736,57.65
5,484,"Killeen, TX",220,0.20268624816608466,63.1,-0.009322928335270236,73.64
5,485,"Lubbock, TX",236,-0.0017644837271379517,55.61,6.85813105799471,91.5
5,486,"College Station--Bryan, TX",190,0.1561110981204841,61.39,-2.316558703387346,60.88
5,487,"Alpine, TX",120,-0.16484470367108445,48.3,-6.96681661869845,33.5
5,488,"Plainview, TX",137,-1.1578053716415406,10.03,-4.885650792048727,47.11
5,489,"Alice, TX",101,-1.0198127213434987,14.63,-8.50901648863828,22.62
5,490,"Brownwood, TX",193,-0.7629305012151557,22.62,3.438416717230126,84.52
5,491,"Victoria, TX",214,-0.556408467110545,31.97,6.243939347363501,89.97
5,492,"Abilene, TX",199,-0.22957165364180196,46.43,0.2765845487343895,75.0
5,493,"Brownsville, TX",176,0.2474668509429608,65.14,-5.181072651952604,44.9
5,494,"Childress, TX",134,0.11921843304367133,59.52,-5.470899685231265,42.35
5,495,"San Angelo, TX",203,-0.6124425053216596,28.57,6.632669051680196,90.65
5,496,"Gonzales, TX",175,-0.7019355440776038,25.51,0.18624221188296636,73.98
5,497,"Greenville, TX",215,-0.46929241246257397,35.71,5.97152910429625,89.63
5,498,"Eagle Pass, TX",153,-0.6364811492558042,27.38,-4.547245056291455,49.49
5,499,"Graham, TX",170,-0.9572603356079187,16.33,1.111472499571362,76.87
5,500,"Uvalde, TX",151,-0.6289318986773004,27.55,-4.848293215701134,47.28
5,501,"Sweetwater, TX",114,-1.2448431553229569,8.16,-8.070314667596072,26.87
5,502,"Vernon, TX",104,-1.1503655804952324,10.54,-7.522500930060609,30.27
5,503,"Mexia, TX",123,-1.3062436632811436,6.8,-7.177556607077853,32.82
5,504,"Seminole, TX",137,-1.231874834984724,8.67,-5.123811520372138,45.75
5,505,"Kerrville, TX",216,0.18238394104003405,62.41,-0.13156887061371192,73.47
5,506,"Pampa, TX",132,-1.099313428733365,12.07,-5.565423578393572,41.16
5,507,"Longview, TX",248,-0.3153637980163695,42.35,12.631398554251591,97.62
5,508,"Fort Worth, TX",336,0.9635500085659698,82.99,8.614213179168436,95.07
5,509,"Brady, TX",126,-0.840447160905717,20.07,-8.694337259461653,20.58
5,510,"Matador, TX",93,-0.3452410995908338,40.31,-9.774843707596977,12.59
5,511,"Nacogdoches, TX",167,-0.87152489842177,18.88,-2.5127023392702683,59.69
5,512,"Fort Stockton, TX",109,-1.5206831072118228,3.57,-8.51933957284672,22.45
5,513,"Sanderson, TX",59,-0.4864276823207698,35.03,-10.26660434671443,9.52
5,514,"Zapata--Medina, TX",94,-0.5896678059104117,29.76,-10.104716837857863,10.88
5,515,"Price, UT",122,-0.8660496231810312,19.22,-10.060519845019058,11.05
5,516,"Vernal, UT",168,-0.7085028920606081,25.34,-1.8132935497065346,64.46
5,517,"Salt Lake, UT",363,1.9447062669614845,95.07,-17.58788192667994,3.23
5,518,"Richfield, UT",150,-0.6227480915423345,28.23,-7.277518362620497,31.8
5,519,"Moab, UT",117,0.3016490303699675,67.18,-8.452209045974463,23.47
5,520,"Delta, UT",95,-1.0728820449349081,13.44,-10.361842413970464,9.18
5,521,"Burlington, VT",263,1.0664670862024832,84.86,-2.0022345016181284,63.1
5,522,"Chincoteague, VA",115,0.10368936539062719,59.18,-8.705772910501704,20.24
5,523,"Charlottesville, VA",183,1.7998554365230537,94.9,-5.9663876207357776,37.76
5,524,"Covington, VA",125,0.04240017657097898,57.48,-9.262150564866653,16.33
5,525,"Richmond, VA",273,1.6103630333807422,92.86,-9.07629291617383,18.03
5,526,"Lynchburg, VA",207,0.41242554047154606,70.92,-3.794475603844678,53.06
5,527,"Harrisonburg, VA",226,0.34367292037639413,68.71,-0.19788860994403834,73.3
5,528,"Roanoke, VA",226,0.5094558551416092,73.47,-2.544239652614532,59.35
5,529,"Bluefield, WV-VA",160,-0.5901988752402356,29.59,-5.362601344379472,43.2
5,530,"Farmville, VA",160,-0.4216592422744362,37.93,-5.475657056479735,42.18
5,531,"Fredericksburg, VA",204,1.0433940708130909,84.35,-8.474027977521695,23.3
5,532,"Leesburg, VA",235,1.6446908815322074,93.2,-7.012861351001913,33.33
5,533,"Warrenton--New Baltimore, VA",211,0.674179697856814,78.23,-4.209327457089913,50.68
5,534,"Wise--Norton, VA",116,-1.0196791076293834,14.8,-10.284791706878538,9.35
5,535,"Tappahannock, VA",172,0.03963376617803728,56.97,-5.952300330240163,38.27
5,536,"Newport News, VA",159,1.3362463581358783,90.14,-8.032472361721554,27.21
5,537,"Martinsville, VA",154,0.036825040360834733,56.8,-7.5340993018368545,30.1
5,538,"Lexington, VA",136,0.22559418114953905,64.46,-9.948385959683629,11.9
5,539,"Moses Lake, WA",130,-0.6622060903938944,26.36,-6.419135643086357,35.2
5,540,"Wenatchee, WA",172,0.30686990010211934,67.52,-8.449501323072424,23.64
5,541,"Sequim, WA",199,0.7639460562066817,80.1,-8.193139371331517,25.51
5,542,"Seattle--Tacoma, WA",277,2.340527743782602,97.11,-18.378114277388097,2.72
5,543,"Yakima, WA",166,-0.47885034571431256,35.2,-5.136774505045155,45.58
5,544,"Friday Harbor, WA",198,1.3316286313168502,89.97,-8.704392911220005,20.41
5,545,"Elkins, WV",139,-0.6374938906381714,27.21,-9.080104525818378,17.86
5,546,"Charleston, WV",212,0.2055837028416138,63.27,2.173819814060383,80.78
5,547,"Morgantown, WV",178,-0.31709374455793027,42.18,-3.7198151012304876,53.57
5,548,"Beckley, WV",178,-0.16069816885058485,48.64,-4.954642228979468,46.43
5,549,"Summersville, WV",126,-0.4953327560398545,34.18,-9.436239551189084,14.97
5,550,"Wausau, WI",266,-0.14982939499501946,49.66,13.589153815787798,98.3
5,551,"Ashland, WI",152,-0.21663830127917838,46.77,-8.845255809552977,19.9
5,552,"Rice Lake, WI",213,-0.29227319404529084,44.22,2.5080685593997916,82.14
5,553,"Green Bay, WI",271,0.47437924051552377,72.79,4.752339219851326,87.76
5,554,"Appleton, WI",277,0.2947429624368712,66.84,10.556107785743613,96.77
5,555,"Madison, WI",275,1.233445756803505,87.76,-1.1164509757875234,68.54
5,556,"Rhinelander, WI",190,-0.1496793618067127,49.83,-4.920780309510974,46.77
5,557,"Milwaukee, WI",355,1.4481747636812439,91.67,-3.040806631814966,57.48
5,558,"Sheboygan, WI",202,0.042329642972160984,57.31,-2.0340888183976427,62.76
5,559,"Cody, WY",194,-0.5404886623312022,32.82,3.824110997179671,85.71
5,560,"Gillette, WY",156,-1.2854242388693853,7.31,-2.8566908875665806,57.99
5,561,"Rock Springs, WY",148,-1.2089212153952673,9.18,-5.328266704659368,43.54
5,562,"Casper, WY",232,-0.15072973216852384,49.49,7.138565347347935,92.18
5,563,"Riverton, WY",187,-0.5606863195903022,31.29,2.214478680715368,81.29
5,564,"Torrington, WY",134,-1.18336276618416,9.52,-6.558338675817167,34.86
